# Blender 4.5.4 LTS
# www.blender.org
mtllib tree.mtl
o tree
v 0.871023 -0.007010 0.764338
v 0.590699 0.072614 1.051627
v -0.431778 0.085047 1.108527
v -0.871023 -0.007010 0.764338
v -0.509400 0.067925 -1.078581
v -0.046128 -0.017112 -1.104764
v 0.375391 0.289979 -1.115856
v 0.455292 -0.122071 -0.994605
v 0.905195 -0.033925 -0.643387
v 1.001899 0.261793 -0.566157
v 1.088672 0.000000 -0.216550
v 1.100185 0.118943 0.640713
v 0.759836 0.337140 1.022385
v -0.282465 0.665432 1.119984
v -0.855609 0.648140 0.614950
v -1.205765 0.153881 -0.058675
v -1.137504 0.028818 -0.378165
v -0.589813 0.479568 -1.083391
v 0.808445 0.492445 -0.846399
v 1.018092 0.903718 0.281789
v 0.649468 0.893476 0.756646
v -0.897277 1.251201 0.162984
v -1.488765 0.689200 0.063827
v 0.212358 0.405782 -1.144448
v -0.437433 1.192476 0.935762
v -0.456311 0.759277 -1.218832
v 0.013181 0.941521 -1.182466
v -0.134549 2.624658 -0.637199
v -0.853625 2.909439 0.054978
v 0.491730 2.912238 -0.468199
v 0.721712 4.064334 0.235244
v 0.267984 2.603842 1.069631
v 0.091193 6.940651 0.644746
v -0.331481 5.910187 -0.457787
v 0.210890 5.459684 -0.491371
v -0.449279 3.908104 0.855058
v 0.366066 7.071939 0.515350
v -0.339814 6.975934 0.501341
v -0.641932 5.971908 -0.069476
v -0.387113 8.528941 0.090119
v 0.507624 7.505039 -0.327447
v -0.249716 6.544972 -0.671564
v -0.635723 6.758298 -0.291422
v 0.334725 7.435739 0.394935
v 0.118965 7.353628 -0.652373
v 0.181325 7.994374 -0.734730
v 0.539592 8.032110 -0.500298
v -0.382154 8.526745 -0.409447
v 0.732183 8.943577 0.048971
v 0.367725 9.787663 -0.721662
v -0.244976 9.037165 0.054170
v -0.258978 9.027262 -0.313717
v 0.087913 10.307854 -0.498139
v 0.794010 9.540552 -0.131613
v 0.562988 9.592946 0.200820
v 0.129276 9.666711 0.150779
v 0.575384 10.372979 -0.660909
v 1.011530 12.451912 0.238919
v 0.371634 12.355172 0.074567
v 0.665087 12.597074 -0.140630
v 0.494040 12.843492 0.458356
v 0.436809 14.098330 0.245711
v 0.185042 14.224754 0.023357
v -0.039240 13.924671 0.220780
v -0.157182 16.085073 0.739249
v 0.089270 15.807850 0.635474
v -0.109995 16.528622 0.539092
v 0.086457 18.432043 0.862855
v 0.175380 18.424961 0.776220
v 0.201826 18.421993 0.814592
v 0.467012 11.037437 -1.520911
v 0.252462 11.055217 -1.089512
v 0.985433 11.632700 -1.462970
v 1.254993 12.001536 -1.978736
v 1.097718 12.511915 -2.026893
v 1.914392 13.614522 -2.968960
v 1.899960 14.063522 -3.184450
v 1.994637 14.324932 -3.161501
v 2.209550 15.121221 -3.996112
v 2.360793 16.157217 -5.005880
v 2.391013 16.177485 -4.965255
v 2.402004 16.156118 -4.994463
v 1.275726 9.987481 0.757791
v 2.450171 11.354156 0.847068
v 2.687164 11.408887 1.166002
v 2.360813 11.588534 1.062876
v 3.605711 12.694263 0.869048
v 4.139524 12.961579 0.922938
v 4.068260 12.911212 0.739419
v 4.274768 13.447561 0.847943
v 5.449490 14.450976 1.241860
v 5.854751 14.808352 1.374549
v 5.363469 14.349539 1.141667
v 5.886672 14.717032 1.430953
v 5.843510 14.738602 1.467398
v -1.063469 10.241736 -0.102159
v -1.277437 10.294456 0.288359
v -1.850667 10.463045 0.034411
v -2.812808 11.892762 0.453927
v -2.998182 11.754842 0.652492
v -3.619591 13.014521 0.345699
v -3.884682 13.308573 0.348735
v -3.293946 12.798619 0.540488
v -4.879562 14.384682 -0.829100
v -4.927665 14.313700 -0.842945
v -4.919305 14.303704 -0.869051
v 1.292841 8.574141 -1.115830
v 1.974709 8.443401 -1.291070
v 1.385571 8.424425 -1.670228
v 2.824875 8.534667 -1.578427
v 3.207650 9.026490 -1.423742
v 4.850183 9.679667 -1.005943
v 4.589910 9.393688 -1.205988
v 4.677495 9.287833 -0.928416
v 6.726117 11.263221 -1.746845
v 6.715056 11.264661 -1.786178
v 6.754763 11.236905 -1.778314
v -0.145277 7.574071 0.502451
v 0.022436 8.598257 2.324864
v 0.511931 8.688878 2.169787
v 0.333609 9.086487 3.498483
v 0.343739 9.616904 3.539973
v 0.526239 10.243500 4.614473
v 0.134359 9.856251 4.085637
v 0.414952 10.453944 4.523081
v 1.289573 11.534780 6.751949
v 1.293827 11.473594 6.776796
v 1.269634 11.486267 6.784431
v -1.166510 7.863647 -1.409949
v -1.533806 7.555337 -1.311830
v -1.665631 7.775887 -1.923116
v -0.807429 7.329617 -1.462863
v -2.170517 8.871374 -1.935175
v -1.978816 8.658877 -2.284578
v -3.043960 10.151735 -3.073636
v -2.674964 10.089652 -3.070467
v -3.147237 10.231344 -3.382791
v -4.942808 11.502621 -3.420650
v -4.911235 11.567684 -3.458375
v -4.966304 11.461839 -3.456653
v -1.356152 0.167739 -3.657327
v -0.454184 0.074248 -1.801228
v -1.431808 0.177046 -3.622780
v -1.363286 0.254608 -3.661211
v -0.972626 0.374084 1.813502
v -1.622846 0.452493 3.458810
v -1.542096 0.412059 3.487923
v -1.573582 0.479221 3.480476
v -2.220430 0.051500 0.362611
v -3.932498 0.245279 0.476059
v -3.955177 0.254621 0.352855
v -3.941898 0.191239 0.414968
v 3.374794 0.201947 2.041614
v 3.355060 0.189420 2.084220
v 3.406367 0.157951 1.986293
v -0.891708 0.037160 -1.269119
v -1.310655 -0.009189 -0.846868
v -1.077399 -0.421398 -0.991615
v 0.101553 -0.308119 1.444990
v -0.196844 0.171532 1.530873
v 0.376062 0.051100 1.505593
v 2.457129 0.027264 -3.130117
v 2.514565 0.084821 -3.074544
v 2.537577 0.012957 -3.051368
vn 0.7442 -0.3587 0.5635
vn 0.7336 -0.5996 0.3198
vn -0.8365 -0.1266 0.5331
vn -0.8014 0.0848 0.5920
vn 0.3750 -0.2768 -0.8847
vn -0.0503 0.0331 -0.9982
vn -0.1290 0.2873 -0.9491
vn -0.3497 -0.8570 -0.3785
vn 0.5272 -0.7778 0.3422
vn 0.9874 0.1271 0.0939
vn 0.9497 -0.3116 0.0305
vn 0.7993 -0.5991 -0.0462
vn 0.2272 -0.0133 0.9738
vn 0.2439 0.2119 0.9464
vn -0.7948 0.1730 0.5816
vn -0.6883 -0.7239 0.0460
vn -0.9699 -0.2331 -0.0706
vn -0.8491 0.0966 -0.5194
vn 0.5958 0.6420 -0.4826
vn 0.9594 0.2817 0.0116
vn 0.3276 0.4248 0.8439
vn -0.9439 0.2940 0.1507
vn -0.5484 0.7447 -0.3803
vn 0.3962 -0.0814 -0.9145
vn -0.3695 0.3929 0.8421
vn -0.7009 0.6056 -0.3769
vn 0.3344 0.3949 -0.8557
vn -0.2537 0.2296 -0.9396
vn -0.9899 0.0930 -0.1074
vn 0.5861 0.1545 -0.7954
vn 0.9907 0.1018 0.0908
vn 0.3405 0.0447 0.9392
vn 0.1561 -0.3301 0.9309
vn -0.4771 -0.3100 -0.8224
vn 0.4214 -0.0263 -0.9065
vn -0.6265 0.0857 0.7747
vn 0.9164 -0.1188 0.3821
vn -0.7879 -0.0222 0.6153
vn -0.9946 -0.0913 0.0504
vn -0.7598 -0.0228 0.6497
vn 0.9745 -0.2244 -0.0077
vn 0.3414 0.0493 -0.9386
vn -0.8396 0.4446 0.3121
vn 0.9575 0.2182 0.1887
vn -0.0066 -0.1894 -0.9819
vn -0.4353 0.1491 -0.8878
vn 0.8952 0.3504 0.2753
vn -0.7667 -0.0523 -0.6399
vn 0.9478 -0.1861 0.2589
vn -0.0873 -0.0774 -0.9932
vn -0.2293 0.4764 0.8488
vn -0.6845 0.5368 -0.4933
vn -0.8614 0.1946 -0.4692
vn 0.7694 -0.0837 -0.6332
vn -0.1343 0.1027 0.9856
vn -0.4730 0.0521 0.8795
vn 0.9616 0.0885 -0.2596
vn 0.9562 0.0965 0.2765
vn -0.9423 0.1362 -0.3058
vn 0.1830 0.1934 -0.9639
vn -0.1755 -0.0587 0.9827
vn 0.9600 0.2210 -0.1721
vn -0.0017 0.1791 -0.9838
vn -0.9790 -0.1730 -0.1079
vn -0.6793 -0.0577 0.7316
vn 0.8725 0.1285 0.4714
vn -0.4763 0.1528 -0.8659
vn -0.7704 0.2461 0.5882
vn 0.1408 0.1020 -0.9848
vn 0.9499 -0.1018 0.2955
vn -0.3078 -0.3345 -0.8907
vn -0.8532 0.4632 0.2397
vn 0.7455 -0.0215 0.6662
vn 0.8103 -0.5245 -0.2612
vn -0.7419 0.6100 0.2782
vn 0.7163 -0.5558 -0.4219
vn -0.8748 -0.0215 -0.4841
vn 0.1189 0.6518 0.7490
vn 0.9696 0.0664 0.2354
vn -0.7997 -0.2998 -0.5202
vn 0.1601 0.6523 0.7409
vn 0.8060 -0.4609 -0.3715
vn -0.1798 -0.2602 0.9487
vn 0.2905 0.0194 -0.9567
vn 0.5184 -0.4735 0.7121
vn -0.7018 0.6489 0.2938
vn -0.6631 0.7486 -0.0021
vn 0.4819 -0.4402 0.7576
vn 0.3235 -0.3337 -0.8854
vn -0.6288 0.7242 -0.2832
vn -0.1612 -0.3241 0.9322
vn -0.1205 0.6634 -0.7385
vn 0.4670 0.1642 -0.8689
vn 0.6199 -0.7743 -0.1272
vn -0.4313 -0.1112 0.8953
vn 0.5409 0.6025 -0.5869
vn 0.2748 0.2089 0.9385
vn -0.7276 -0.4976 -0.4722
vn 0.7770 0.5264 0.3453
vn -0.5025 -0.3762 0.7785
vn -0.2249 -0.5358 -0.8138
vn -0.4212 0.3370 0.8420
vn 0.6013 0.6152 0.5099
vn 0.4024 0.9136 0.0592
vn -0.8315 -0.3019 0.4664
vn 0.0397 -0.6637 -0.7469
vn -0.1401 0.9158 0.3764
vn 0.2661 -0.7801 0.5663
vn -0.2048 0.0319 -0.9783
vn 0.2848 -0.7065 -0.6478
vn -0.2080 0.8055 -0.5549
vn -0.2518 0.6727 0.6957
vn 0.2967 -0.1647 -0.9407
vn 0.4090 -0.6227 0.6670
vn 0.0100 0.4064 0.9136
vn -0.5348 0.3722 -0.7586
vn 0.6684 -0.6937 -0.2685
vn -0.6351 0.5616 0.5303
vn -0.9851 0.1692 -0.0295
vn 0.7431 0.5851 -0.3246
vn 0.2867 -0.7177 0.6345
vn 0.3982 0.6715 -0.6249
vn -0.4676 -0.6210 0.6291
vn -0.9743 0.0227 0.2242
vn -0.4709 0.8754 -0.1092
vn 0.0854 0.9477 -0.3075
vn 0.5937 -0.7579 0.2705
vn -0.8543 -0.2111 0.4750
vn 0.5062 0.7505 0.4248
vn -0.8481 -0.1301 0.5136
vn -0.3681 -0.6051 -0.7060
vn 0.7476 0.0369 -0.6631
vn -0.3857 0.3905 0.8359
vn 0.5245 -0.1507 -0.8379
vn -0.5783 -0.1483 0.8022
vn 0.7739 0.6059 -0.1844
vn -0.0644 -0.2344 -0.9700
vn -0.1264 -0.0213 0.9918
vn 0.4005 0.8634 -0.3070
vn -0.5073 -0.7728 -0.3812
vn 0.6512 -0.6854 -0.3257
vn 0.0744 -0.9965 0.0375
vn -0.9217 -0.3440 0.1789
vn 0.3252 0.8949 -0.3057
vn -0.0606 -0.9969 -0.0493
vn -0.9903 -0.0414 -0.1330
vn 0.5489 -0.7061 0.4475
vn 0.2265 0.9071 0.3549
vn -0.0152 -0.9450 0.3268
vn -0.2127 0.2964 0.9311
vn -0.3260 0.3506 -0.8780
vn -0.0833 -0.9925 -0.0898
vn 0.2454 0.9589 -0.1425
vn -0.1428 -0.1205 0.9824
vn 0.4482 -0.4796 -0.7543
vn -0.0017 0.0564 -0.9984
vn -0.9505 0.2674 0.1584
vn 0.2972 -0.9107 0.2870
vn -0.0194 -0.9634 -0.2673
vn -0.5169 0.2266 0.8255
vn 0.7101 0.1186 0.6940
vn -0.5674 -0.2543 -0.7832
vn 0.2973 0.9547 0.0159
vn 0.6932 -0.6142 0.3772
vt 0.503034 2.611645
vt 0.876191 2.586879
vt 0.603891 0.052177
vt 0.000876 2.567372
vt 0.153695 2.607953
vt 0.164488 0.035062
vt 0.397038 0.027353
vt 0.787583 -0.001689
vt 0.060134 0.092113
vt 0.966884 0.299820
vt 0.870938 -0.002233
vt 0.623077 0.285129
vt 0.024118 0.300163
vt 0.257303 0.290910
vt 0.006719 0.000015
vt 1.000000 0.000000
vt 0.486835 0.013935
vt 0.243776 0.032462
vt 0.311290 0.108909
vt 0.311886 0.000178
vt 0.228426 0.010841
vt 0.272706 -0.000215
vt 0.192345 -0.000813
vt 0.494876 0.300061
vt 0.293486 0.007736
vt 0.141990 0.300430
vt 1.000000 0.305350
vt 1.000151 0.000000
vt 0.795639 0.302463
vt 0.209358 2.658589
vt 0.221044 0.147087
vt -0.000108 2.665847
vt 0.540462 2.642861
vt 0.876897 2.667017
vt 0.781685 0.075954
vt 0.519547 0.070545
vt 0.050594 0.087288
vt 0.959503 0.068512
vt 0.133608 0.057767
vt 0.148892 0.138564
vt 0.456010 2.648841
vt 0.052774 0.479632
vt 0.161660 2.653893
vt 0.707714 2.657873
vt 0.527691 0.185290
vt 0.137295 0.066768
vt 0.288725 0.047735
vt 0.483291 0.082555
vt 0.389968 0.097894
vt 0.482159 0.178753
vt 0.682859 0.099380
vt 0.536220 0.002839
vt 0.451367 2.859040
vt 0.276997 0.685027
vt 0.062575 2.842244
vt 0.113714 0.120773
vt 0.418794 0.110357
vt 0.601804 2.847534
vt 0.358149 0.224410
vt 0.250896 2.852028
vt 0.179050 0.203698
vt 0.071197 2.867448
vt 0.973736 7.599656
vt 0.803988 5.118590
vt 0.898572 10.499024
vt 0.314538 10.426920
vt 0.432133 4.866172
vt 0.033992 4.657985
vt 0.963699 4.640668
vt 0.841085 3.070858
vt 0.329007 3.133948
vt 0.679042 2.453200
vt 0.468759 2.181216
vt 0.119502 2.228223
vt 0.941026 1.952998
vt 0.760852 1.253771
vt 0.000000 1.979434
vt 0.003683 1.224005
vt 0.481196 1.217315
vt 0.226092 1.224517
vt 0.858064 11.232141
vt 0.660359 5.038411
vt 0.517455 11.252457
vt 0.850500 3.800407
vt 0.569699 4.159886
vt 0.238630 3.500113
vt 0.109996 5.039068
vt 0.458553 2.626304
vt 0.071306 1.446101
vt 0.893451 2.628660
vt 0.219186 1.442908
vt 0.842708 1.392324
vt 0.596416 1.410764
vt 0.395159 1.447891
vt -0.000220 12.093335
vt 0.252137 12.104222
vt 0.025626 5.274986
vt 0.590439 12.071781
vt 0.667863 5.142047
vt 0.253523 5.495867
vt 0.467343 3.683660
vt 0.945346 5.096096
vt 0.734581 3.343750
vt 0.068903 2.771516
vt 0.000000 3.222518
vt 0.278110 2.368528
vt 0.557705 2.478595
vt 0.956475 2.488865
vt 0.959043 1.644457
vt 0.646570 1.664903
vt 0.990605 8.767296
vt 0.655068 6.708392
vt 0.869843 13.435706
vt 0.507560 13.463333
vt 0.212419 7.257492
vt 0.986298 6.299002
vt 0.908033 4.911745
vt 0.396746 4.932374
vt 0.099457 6.130705
vt 0.539927 3.454791
vt 0.201386 3.136691
vt 0.011665 4.579855
vt 0.009383 3.108954
vt 0.902871 2.946396
vt 0.116021 1.975765
vt 0.831170 1.870200
vt 0.634810 1.868484
vt 0.081944 14.478506
vt 0.298003 11.527149
vt 0.056748 10.351702
vt 0.742103 14.515336
vt 0.780117 10.763474
vt 0.633518 7.341211
vt 0.901873 6.568056
vt 0.185191 6.766805
vt 0.524460 5.948468
vt 0.502752 4.266844
vt 0.279633 4.332032
vt 0.000000 4.938441
vt 1.003045 4.246268
vt 0.778854 2.147337
vt 0.858996 4.163464
vt 0.979600 2.340276
vt 0.480607 2.116276
vt 0.308194 2.864601
vt 0.110856 2.151772
vt 0.924379 15.642369
vt 0.960097 9.190329
vt 0.630124 6.977433
vt 0.632973 15.663722
vt 0.197531 15.643250
vt 0.001481 9.605198
vt -0.000130 15.649601
vt 0.256276 7.313911
vt 0.032676 6.182714
vt 0.112534 3.731379
vt 0.392120 4.538880
vt 0.750988 3.063535
vt 0.457477 3.062257
vt 0.405778 2.338227
vt 0.113536 2.339414
vt 0.972244 3.129182
vt 1.000000 2.359883
vt 0.798236 2.343715
vt 0.497446 10.393397
vt 0.923151 6.508466
vt 0.362767 6.207129
vt 0.058780 5.960313
vt 0.083956 10.388781
vt 0.528671 4.397125
vt 0.747389 4.555624
vt 0.254632 3.657820
vt 0.960397 4.377883
vt 0.936219 3.459470
vt 0.689698 3.473548
vt 0.768849 2.406297
vt 0.667373 2.365834
vt 0.569084 3.416706
vt 0.489485 1.955894
vt 0.060482 3.600434
vt 0.358659 2.250768
vt 0.128363 2.203007
vt 0.012789 2.201423
vt 1.007388 2.065019
vt 0.891664 1.663440
vt 0.421707 1.935871
vt 0.811492 1.664057
vt 0.406203 1.862172
vt 0.758032 2.294976
vt 0.532606 1.872849
vt 0.264575 1.477961
vt 1.000000 1.698361
vt 0.912382 1.544336
vt 0.787613 1.540249
vt 0.601273 1.277318
vt 0.303151 1.362376
vt 0.227509 1.359548
vt 0.339071 0.695856
vt 0.788406 1.019892
vt 0.551150 1.171094
vt 0.668883 1.156652
vt 0.578086 0.487948
vt 0.208449 0.428581
vt 0.713606 0.418514
vt 0.841925 0.476289
vt 0.021369 0.704669
vt 0.980551 0.675825
vt 0.935363 0.000773
vt 0.736936 0.153578
vt 0.327798 0.168133
vt 0.074381 0.121602
vt 0.869597 0.060150
vt 0.685331 0.149942
vt 0.666997 0.129702
vt 0.818763 2.848247
vt 0.998528 2.835772
vt 0.990615 0.272991
vt 0.767396 0.102794
vt 0.792036 0.006512
vt 0.502516 0.054055
vt 0.384739 0.000000
vt 0.156084 -0.000165
vt 0.115427 0.000000
vt 0.071551 0.059249
vt 0.998862 0.007710
vt 0.550004 0.000000
vt 0.006111 0.000000
vt 0.950093 2.664203
vt 0.981449 0.497412
vt 0.818684 0.083693
vt 1.000000 0.047735
vt 0.953351 2.538148
vt 0.820451 0.526826
vt 0.900707 0.108363
vt 0.585528 0.142767
vt 0.000016 0.132703
vt 0.583919 10.477074
vt 1.000000 2.717466
vt 0.937557 1.246862
vt 0.249151 11.256850
vt 0.984156 8.887548
vt 0.000000 4.966941
vt 0.991024 4.139996
vt 1.000000 3.212118
vt 0.000000 2.578542
vt 0.963295 1.471853
vt 0.916891 12.090920
vt 0.495275 1.572624
vt 0.219062 1.585643
vt 0.047961 1.661596
vt 0.143599 13.423247
vt 0.363246 1.922392
vt 1.000000 1.944204
vt 0.447118 14.486364
vt 0.944674 14.478610
vt 0.002546 6.740884
vt 1.000000 5.791409
vt 1.053363 2.159914
vt 0.952392 6.469744
vt 0.023188 4.193980
vt 0.936873 4.187315
vt 0.796733 10.405825
vt 0.973388 10.388407
vt 0.986109 5.909588
vt 0.014006 4.548676
vt 0.682471 0.002095
vt 0.068745 2.051470
vt 0.195394 1.475665
vt 0.657477 1.264909
vt 0.156205 1.376946
vt 0.000000 1.486173
vt 1.000000 0.167026
vt 0.968750 0.000000
vt 0.743334 0.000000
s 1
f 162/1/162 164/2/164 8/3/8
f 164/4/164 163/5/163 19/6/19
f 162/1/162 7/7/7 163/5/163
f 164/2/164 9/8/9 8/3/8
f 164/4/164 19/6/19 10/9/10
f 162/1/162 8/3/8 7/7/7
f 161/10/161 13/11/13 160/12/160
f 161/13/161 159/14/159 2/15/2
f 161/10/161 2/16/2 13/11/13
f 160/12/160 3/17/3 159/14/159
f 160/18/160 14/19/14 3/20/3
f 159/21/159 3/22/3 2/23/2
f 157/24/157 18/25/18 156/26/156
f 156/27/156 5/28/5 158/29/158
f 155/30/155 12/31/12 153/32/153
f 154/33/154 12/31/12 155/30/155
f 154/33/154 153/34/153 21/35/21
f 154/33/154 21/35/21 13/36/13
f 154/33/154 13/36/13 12/31/12
f 153/32/153 12/31/12 20/37/20
f 153/34/153 20/38/20 21/35/21
f 13/39/13 21/40/21 14/19/14
f 151/41/151 149/42/149 152/43/152
f 150/44/150 23/45/23 151/41/151
f 151/41/151 23/45/23 16/46/16
f 151/41/151 16/46/16 149/42/149
f 23/45/23 17/47/17 16/46/16
f 23/48/23 15/49/15 22/50/22
f 23/48/23 18/51/18 17/52/17
f 146/53/146 145/54/145 147/55/147
f 145/54/145 14/56/14 147/55/147
f 15/57/15 14/56/14 145/54/145
f 143/58/143 26/59/26 144/60/144
f 26/59/26 27/61/27 141/62/141
f 139/63/139 137/64/137 140/65/140
f 139/66/139 135/67/135 136/68/136
f 136/69/136 134/70/134 137/64/137
f 136/68/136 135/67/135 133/71/133
f 135/67/135 131/72/131 130/73/130
f 133/71/133 129/74/129 136/68/136
f 135/67/135 134/70/134 131/72/131
f 132/75/132 34/76/34 131/72/131
f 132/77/132 129/74/129 42/78/42
f 39/79/39 43/80/43 130/73/130
f 126/81/126 125/82/125 128/83/128
f 125/82/125 122/84/122 124/85/124
f 124/85/124 121/86/121 123/87/123
f 121/86/121 119/88/119 37/89/37
f 120/90/120 119/88/119 124/85/124
f 37/89/37 119/88/119 33/91/33
f 120/90/120 44/92/44 118/93/118
f 119/88/119 118/93/118 38/94/38
f 117/95/117 115/96/115 114/97/114
f 116/98/116 113/99/113 115/96/115
f 112/100/112 113/99/113 111/101/111
f 114/102/114 110/103/110 113/99/113
f 112/100/112 111/101/111 108/104/108
f 112/100/112 108/104/108 114/97/114
f 110/103/110 111/101/111 113/99/113
f 114/97/114 108/104/108 110/105/110
f 111/101/111 107/106/107 108/104/108
f 111/101/111 110/103/110 109/107/109
f 109/107/109 107/106/107 111/101/111
f 110/103/110 108/108/108 109/107/109
f 109/107/109 41/109/41 45/110/45
f 104/111/104 101/112/101 106/113/106
f 105/114/105 101/112/101 102/115/102
f 104/111/104 103/116/103 101/112/101
f 103/116/103 99/117/99 101/112/101
f 102/115/102 100/118/100 103/119/103
f 101/112/101 99/117/99 98/120/98
f 100/118/100 97/121/97 99/122/99
f 99/122/99 97/121/97 96/123/96
f 99/117/99 96/124/96 98/120/98
f 100/118/100 98/120/98 97/121/97
f 97/121/97 51/125/51 96/123/96
f 98/120/98 52/126/52 48/127/48
f 94/128/94 91/129/91 93/130/93
f 92/131/92 93/132/93 90/133/90
f 93/132/93 89/134/89 90/133/90
f 90/133/90 88/135/88 91/129/91
f 90/133/90 87/136/87 88/135/88
f 87/136/87 86/137/86 88/135/88
f 88/135/88 85/138/85 84/139/84
f 86/137/86 85/138/85 88/135/88
f 85/140/85 54/141/54 84/142/84
f 49/143/49 54/141/54 85/140/85
f 86/137/86 84/142/84 55/144/55
f 54/141/54 55/144/55 84/142/84
f 83/145/83 49/146/49 85/138/85
f 82/147/82 79/148/79 77/149/77
f 82/147/82 77/149/77 80/150/80
f 81/151/81 79/152/79 82/153/82
f 78/154/78 76/155/76 79/152/79
f 78/154/78 73/156/73 76/155/76
f 78/154/78 77/149/77 75/157/75
f 75/157/75 71/158/71 72/159/72
f 72/159/72 53/160/53 73/156/73
f 53/160/53 57/161/57 73/156/73
f 73/162/73 57/163/57 50/164/50
f 71/158/71 53/160/53 72/159/72
f 68/165/68 67/166/67 65/167/65
f 68/165/68 66/168/66 70/169/70
f 67/166/67 64/170/64 65/167/65
f 63/171/63 64/170/64 67/166/67
f 65/167/65 61/172/61 66/168/66
f 62/173/62 58/174/58 63/171/63
f 64/170/64 61/172/61 65/167/65
f 58/174/58 60/175/60 63/171/63
f 58/174/58 57/176/57 60/175/60
f 60/175/60 53/177/53 59/178/59
f 59/178/59 52/179/52 61/172/61
f 58/180/58 56/181/56 55/182/55
f 58/180/58 55/182/55 54/183/54
f 57/176/57 49/184/49 47/185/47
f 52/179/52 51/186/51 56/181/56
f 57/176/57 47/185/47 46/187/46
f 51/186/51 40/188/40 56/181/56
f 50/189/50 46/187/46 48/190/48
f 40/188/40 118/191/118 55/182/55
f 44/192/44 41/193/41 47/185/47
f 48/190/48 45/194/45 43/195/43
f 48/190/48 43/195/43 40/188/40
f 40/188/40 38/196/38 118/191/118
f 33/197/33 38/196/38 36/198/36
f 41/193/41 35/199/35 45/194/45
f 40/188/40 39/200/39 38/196/38
f 39/200/39 34/201/34 29/202/29
f 29/202/29 22/50/22 38/196/38
f 36/198/36 32/203/32 33/197/33
f 34/201/34 35/199/35 28/204/28
f 35/199/35 30/205/30 28/204/28
f 33/197/33 32/203/32 31/206/31
f 31/207/31 10/208/10 30/205/30
f 28/204/28 30/205/30 27/209/27
f 36/198/36 22/50/22 25/210/25
f 32/203/32 20/211/20 31/206/31
f 30/205/30 19/212/19 27/209/27
f 29/202/29 28/204/28 26/213/26
f 36/198/36 25/210/25 32/203/32
f 25/210/25 21/40/21 32/203/32
f 27/209/27 26/213/26 28/204/28
f 26/213/26 18/51/18 29/202/29
f 25/210/25 22/50/22 15/49/15
f 25/214/25 148/215/148 147/216/147 14/217/14
f 25/210/25 14/19/14 21/40/21
f 27/209/27 19/212/19 24/218/24
f 18/51/18 23/48/23 22/50/22
f 19/212/19 7/219/7 24/218/24
f 16/220/16 4/221/4 15/49/15
f 2/222/2 1/223/1 13/39/13
f 13/39/13 1/223/1 12/224/12
f 163/5/163 7/7/7 19/6/19
f 9/8/9 164/2/164 10/225/10
f 160/18/160 13/39/13 14/19/14
f 158/29/158 5/28/5 17/226/17
f 157/24/157 158/29/158 17/226/17
f 157/24/157 17/226/17 18/25/18
f 156/26/156 18/25/18 5/227/5
f 152/228/152 149/229/149 150/44/150
f 150/44/150 149/229/149 15/230/15
f 150/44/150 15/230/15 23/45/23
f 15/230/15 149/229/149 16/231/16
f 148/215/148 25/214/25 146/53/146
f 145/54/145 146/53/146 15/57/15
f 39/79/39 130/73/130 131/72/131 34/76/34
f 15/57/15 146/53/146 25/214/25
f 141/232/141 142/233/142 143/58/143
f 144/60/144 26/59/26 141/62/141
f 142/233/142 141/232/141 24/234/24
f 143/58/143 142/233/142 18/235/18
f 143/58/143 18/235/18 26/59/26
f 24/236/24 141/62/141 27/61/27
f 142/233/142 24/234/24 18/235/18
f 140/65/140 137/64/137 138/237/138
f 139/66/139 138/237/138 135/67/135
f 137/64/137 139/63/139 136/69/136
f 138/237/138 137/64/137 135/67/135
f 137/64/137 134/70/134 135/67/135
f 136/69/136 129/238/129 134/70/134
f 133/71/133 135/67/135 130/73/130
f 134/70/134 129/238/129 132/75/132
f 134/70/134 132/75/132 131/72/131
f 129/74/129 133/71/133 130/73/130
f 84/142/84 86/137/86 87/136/87 89/134/89
f 130/73/130 43/80/43 129/74/129
f 34/76/34 132/75/132 42/239/42
f 129/74/129 43/80/43 42/78/42
f 128/83/128 125/82/125 123/87/123
f 127/240/127 128/83/128 123/87/123
f 126/81/126 127/241/127 122/84/122
f 122/242/122 127/240/127 123/87/123
f 126/81/126 122/84/122 125/82/125
f 125/82/125 124/85/124 123/87/123
f 123/243/123 121/244/121 122/84/122
f 121/86/121 124/85/124 119/88/119
f 122/84/122 121/244/121 120/90/120
f 122/84/122 120/90/120 124/85/124
f 120/245/120 121/86/121 37/89/37
f 119/88/119 120/90/120 118/93/118
f 44/92/44 120/90/120 37/246/37
f 119/88/119 38/94/38 33/91/33
f 117/247/117 114/102/114 113/99/113
f 116/98/116 117/247/117 113/99/113
f 115/96/115 112/100/112 114/97/114
f 112/100/112 115/96/115 113/99/113
f 109/107/109 108/108/108 41/109/41
f 109/107/109 46/248/46 107/106/107
f 107/106/107 47/249/47 41/250/41
f 108/104/108 107/106/107 41/250/41
f 109/107/109 45/110/45 46/248/46
f 107/106/107 46/248/46 47/249/47
f 106/113/106 101/112/101 105/114/105
f 104/251/104 105/114/105 102/115/102
f 104/251/104 102/115/102 103/119/103
f 102/115/102 101/112/101 100/118/100
f 100/118/100 101/112/101 98/120/98
f 103/119/103 100/118/100 99/122/99
f 98/120/98 48/127/48 40/252/40
f 52/126/52 96/124/96 51/253/51
f 98/120/98 96/124/96 52/126/52
f 97/121/97 98/120/98 40/252/40
f 97/121/97 40/252/40 51/125/51
f 95/254/95 92/131/92 91/129/91
f 94/128/94 95/254/95 91/129/91
f 92/131/92 94/255/94 93/132/93
f 92/131/92 90/133/90 91/129/91
f 93/130/93 88/135/88 89/256/89
f 93/130/93 91/129/91 88/135/88
f 90/133/90 89/134/89 87/136/87
f 89/134/89 88/257/88 84/142/84
f 59/178/59 64/170/64 63/171/63 60/175/60
f 85/138/85 86/137/86 83/145/83
f 83/145/83 86/137/86 55/144/55
f 49/146/49 83/145/83 55/144/55
f 54/258/54 49/184/49 57/176/57
f 81/151/81 80/150/80 79/152/79
f 79/152/79 80/150/80 78/154/78
f 78/154/78 80/150/80 77/149/77
f 79/148/79 76/259/76 77/149/77
f 77/149/77 76/259/76 75/157/75
f 78/154/78 75/157/75 73/156/73
f 76/155/76 73/156/73 74/260/74
f 76/259/76 71/158/71 75/157/75
f 74/261/74 73/162/73 71/158/71
f 76/259/76 74/261/74 71/158/71
f 75/157/75 72/159/72 73/156/73
f 71/158/71 73/162/73 50/164/50
f 53/160/53 71/158/71 50/164/50
f 68/165/68 69/262/69 67/166/67
f 70/263/70 66/264/66 67/166/67
f 69/262/69 70/263/70 67/166/67
f 68/165/68 65/167/65 66/168/66
f 67/166/67 66/264/66 62/173/62
f 63/171/63 67/166/67 62/173/62
f 66/168/66 61/172/61 62/265/62
f 64/170/64 59/178/59 61/172/61
f 5/266/5 18/51/18 24/218/24 7/219/7
f 62/265/62 61/172/61 58/180/58
f 61/172/61 56/181/56 58/180/58
f 58/174/58 54/258/54 57/176/57
f 60/175/60 57/176/57 53/177/53
f 59/178/59 53/177/53 52/179/52
f 56/181/56 61/172/61 52/179/52
f 53/177/53 48/190/48 52/179/52
f 50/189/50 57/176/57 46/187/46
f 56/181/56 40/188/40 55/182/55
f 49/267/49 55/182/55 44/268/44
f 49/184/49 44/192/44 47/185/47
f 53/177/53 50/189/50 48/190/48
f 55/182/55 118/191/118 44/268/44
f 48/190/48 46/187/46 45/194/45
f 45/194/45 42/269/42 43/195/43
f 44/268/44 37/270/37 31/206/31
f 44/268/44 31/206/31 41/271/41
f 42/269/42 45/194/45 35/199/35
f 43/195/43 39/200/39 40/188/40
f 34/201/34 42/269/42 35/199/35
f 41/193/41 31/207/31 35/199/35
f 38/196/38 39/200/39 29/202/29
f 37/270/37 33/197/33 31/206/31
f 35/199/35 31/207/31 30/205/30
f 38/196/38 22/50/22 36/198/36
f 29/202/29 34/201/34 28/204/28
f 31/207/31 20/272/20 10/208/10
f 32/203/32 21/40/21 20/211/20
f 29/202/29 18/51/18 22/50/22
f 30/205/30 10/208/10 19/212/19
f 20/272/20 12/231/12 10/208/10
f 11/273/11 10/208/10 12/231/12 1/16/1
f 5/266/5 7/219/7 6/274/6
f 16/220/16 17/52/17 4/221/4
f 14/19/14 15/49/15 4/221/4
f 3/20/3 14/19/14 4/221/4
o Icosphere
v -3.910952 10.873924 -0.958496
v -1.290937 11.158268 0.945034
v -4.911689 11.158268 2.121508
v -7.149463 11.158270 -0.958496
v -4.911689 11.158268 -4.038500
v -1.290937 11.158268 -2.862026
v -2.910215 11.618357 2.121508
v -6.530967 11.618357 0.945034
v -6.530967 11.618357 -2.862026
v -2.910215 11.618357 -4.038500
v -0.672441 11.618355 -0.958496
v -3.910952 11.902700 -0.958496
v -4.499166 10.950746 0.851871
v -2.370957 10.950746 0.160363
v -2.959165 11.117879 1.970748
v -0.830953 11.117880 -0.958496
v -2.370957 10.950746 -2.077355
v -5.814498 10.950747 -0.958496
v -6.402726 11.117880 0.851877
v -4.499166 10.950746 -2.768863
v -6.402726 11.117880 -2.768869
v -2.959165 11.117879 -3.887740
v -0.467391 11.388312 0.160367
v -0.467391 11.388312 -2.077359
v -3.910952 11.388312 2.662272
v -1.782716 11.388312 1.970766
v -7.354512 11.388312 0.160367
v -6.039187 11.388312 1.970766
v -6.039187 11.388312 -3.887758
v -7.354512 11.388312 -2.077359
v -1.782716 11.388312 -3.887758
v -3.910952 11.388312 -4.579265
v -1.419177 11.658745 0.851877
v -4.862739 11.658746 1.970748
v -6.990951 11.658745 -0.958496
v -4.862739 11.658746 -3.887740
v -1.419177 11.658745 -2.768869
v -3.322738 11.825879 0.851871
v -2.007406 11.825877 -0.958496
v -5.450947 11.825879 0.160363
v -5.450947 11.825879 -2.077355
v -3.322738 11.825879 -2.768863
v -3.011512 12.261130 1.761579
v -6.218133 12.261130 0.719666
v -6.218133 12.261130 -2.651954
v -3.011512 12.261130 -3.693867
v -1.029689 12.261128 -0.966144
v -3.897788 12.512952 -0.966144
v -0.848092 12.057398 0.024747
v -0.848092 12.057398 -1.957035
v -3.897788 12.057398 2.240492
v -2.012973 12.057398 1.628078
v -6.947484 12.057398 0.024747
v -5.782602 12.057398 1.628078
v -5.782602 12.057398 -3.560366
v -6.947484 12.057398 -1.957035
v -2.012973 12.057398 -3.560366
v -3.897788 12.057398 -4.172780
v -1.691015 12.296899 0.637164
v -4.740713 12.296900 1.628062
v -6.625506 12.296899 -0.966144
v -4.740713 12.296900 -3.560350
v -1.691015 12.296899 -2.569452
v -3.376852 12.444917 0.637159
v -2.211964 12.444916 -0.966144
v -5.261643 12.444917 0.024743
v -5.261643 12.444917 -1.957031
v -3.376852 12.444917 -2.569447
v -3.067156 12.944779 1.273564
v -5.731127 12.944779 0.407972
v -5.731127 12.944779 -2.393075
v -3.067156 12.944779 -3.258667
v -1.420713 12.944777 -0.992551
v -3.803449 13.153985 -0.992551
v -1.269847 12.775524 -0.169347
v -1.269847 12.775524 -1.815756
v -3.803449 12.775524 1.671432
v -2.237598 12.775524 1.162656
v -6.337051 12.775524 -0.169347
v -5.369301 12.775524 1.162656
v -5.369301 12.775524 -3.147758
v -6.337051 12.775524 -1.815756
v -2.237598 12.775524 -3.147758
v -3.803449 12.775524 -3.656535
v -1.970124 12.974495 0.339432
v -4.503727 12.974495 1.162642
v -6.069561 12.974495 -0.992551
v -4.503727 12.974495 -3.147745
v -1.970124 12.974495 -2.324535
v -3.370671 13.097464 0.339428
v -2.402914 13.097463 -0.992551
v -4.936502 13.097464 -0.169350
v -4.936502 13.097464 -1.815753
v -3.370671 13.097464 -2.324531
v -3.183954 13.580127 0.710775
v -5.199837 13.580127 0.055763
v -5.199837 13.580127 -2.063848
v -3.183954 13.580127 -2.718860
v -1.938055 13.580126 -1.004043
v -3.741122 13.738438 -1.004043
v -1.823892 13.452047 -0.381106
v -1.823892 13.452047 -1.626979
v -3.741122 13.452047 1.011850
v -2.556210 13.452047 0.626848
v -5.658353 13.452047 -0.381106
v -4.926035 13.452047 0.626848
v -4.926035 13.452047 -2.634933
v -5.658353 13.452047 -1.626979
v -2.556210 13.452047 -2.634933
v -3.741122 13.452047 -3.019935
v -2.353806 13.602613 0.003897
v -4.271038 13.602613 0.626838
v -5.455937 13.602613 -1.004043
v -4.271038 13.602613 -2.634923
v -2.353806 13.602613 -2.011983
v -3.413629 13.695666 0.003894
v -2.681307 13.695665 -1.004043
v -4.598527 13.695666 -0.381109
v -4.598527 13.695666 -1.626977
v -3.413629 13.695666 -2.011980
v -3.910951 10.873924 -0.958496
v -1.290937 11.158268 0.945034
v -4.911689 11.158268 2.121508
v -7.149462 11.158270 -0.958496
v -4.911689 11.158268 -4.038500
v -1.290937 11.158268 -2.862026
v -2.910214 11.618357 2.121508
v -6.530966 11.618357 0.945034
v -6.530966 11.618357 -2.862026
v -2.910214 11.618357 -4.038500
v -0.672441 11.618355 -0.958496
v -3.910951 11.902700 -0.958496
v -4.499166 10.950746 0.851871
v -2.370956 10.950746 0.160363
v -2.959164 11.117879 1.970748
v -0.830952 11.117880 -0.958496
v -2.370956 10.950746 -2.077355
v -5.814497 10.950747 -0.958496
v -6.402726 11.117880 0.851877
v -4.499166 10.950746 -2.768863
v -6.402726 11.117880 -2.768869
v -2.959164 11.117879 -3.887740
v -0.467391 11.388312 0.160367
v -0.467391 11.388312 -2.077359
v -3.910951 11.388312 2.662272
v -1.782716 11.388312 1.970766
v -7.354512 11.388312 0.160367
v -6.039187 11.388312 1.970766
v -6.039187 11.388312 -3.887758
v -7.354512 11.388312 -2.077359
v -1.782716 11.388312 -3.887758
v -3.910951 11.388312 -4.579265
v -1.419177 11.658745 0.851877
v -4.862739 11.658746 1.970748
v -6.990951 11.658745 -0.958496
v -4.862739 11.658746 -3.887740
v -1.419177 11.658745 -2.768869
v -3.322737 11.825879 0.851871
v -2.007406 11.825877 -0.958496
v -5.450947 11.825879 0.160363
v -5.450947 11.825879 -2.077355
v -3.322737 11.825879 -2.768863
v -3.011512 12.261130 1.761579
v -6.218133 12.261130 0.719666
v -6.218133 12.261130 -2.651954
v -3.011512 12.261130 -3.693867
v -1.029689 12.261128 -0.966144
v -3.897788 12.512952 -0.966144
v -0.848092 12.057398 0.024747
v -0.848092 12.057398 -1.957035
v -3.897788 12.057398 2.240492
v -2.012973 12.057398 1.628078
v -6.947484 12.057398 0.024747
v -5.782602 12.057398 1.628078
v -5.782602 12.057398 -3.560366
v -6.947484 12.057398 -1.957035
v -2.012973 12.057398 -3.560366
v -3.897788 12.057398 -4.172780
v -1.691015 12.296899 0.637164
v -4.740713 12.296900 1.628062
v -6.625506 12.296899 -0.966144
v -4.740713 12.296900 -3.560350
v -1.691015 12.296899 -2.569452
v -3.376852 12.444917 0.637159
v -2.211964 12.444916 -0.966144
v -5.261643 12.444917 0.024743
v -5.261643 12.444917 -1.957031
v -3.376852 12.444917 -2.569447
v -3.067156 12.944779 1.273564
v -5.731127 12.944779 0.407972
v -5.731127 12.944779 -2.393075
v -3.067156 12.944779 -3.258667
v -1.420713 12.944777 -0.992551
v -3.803449 13.153985 -0.992551
v -1.269847 12.775524 -0.169347
v -1.269847 12.775524 -1.815756
v -3.803449 12.775524 1.671432
v -2.237598 12.775524 1.162656
v -6.337051 12.775524 -0.169347
v -5.369301 12.775524 1.162656
v -5.369301 12.775524 -3.147758
v -6.337051 12.775524 -1.815756
v -2.237598 12.775524 -3.147758
v -3.803449 12.775524 -3.656535
v -1.970124 12.974495 0.339432
v -4.503727 12.974495 1.162642
v -6.069561 12.974495 -0.992551
v -4.503727 12.974495 -3.147745
v -1.970124 12.974495 -2.324535
v -3.370671 13.097464 0.339428
v -2.402914 13.097463 -0.992551
v -4.936502 13.097464 -0.169350
v -4.936502 13.097464 -1.815753
v -3.370671 13.097464 -2.324531
v -3.183954 13.580127 0.710775
v -5.199837 13.580127 0.055763
v -5.199837 13.580127 -2.063848
v -3.183954 13.580127 -2.718860
v -1.938055 13.580126 -1.004043
v -3.741122 13.738438 -1.004043
v -1.823892 13.452047 -0.381106
v -1.823892 13.452047 -1.626979
v -3.741122 13.452047 1.011850
v -2.556210 13.452047 0.626848
v -5.658353 13.452047 -0.381106
v -4.926035 13.452047 0.626848
v -4.926035 13.452047 -2.634933
v -5.658353 13.452047 -1.626979
v -2.556210 13.452047 -2.634933
v -3.741122 13.452047 -3.019935
v -2.353806 13.602613 0.003897
v -4.271038 13.602613 0.626838
v -5.455937 13.602613 -1.004043
v -4.271038 13.602613 -2.634923
v -2.353806 13.602613 -2.011983
v -3.413629 13.695666 0.003894
v -2.681307 13.695665 -1.004043
v -4.598527 13.695666 -0.381109
v -4.598527 13.695666 -1.626977
v -3.413629 13.695666 -2.011980
v -3.402112 14.100301 -0.097257
v -4.619382 14.100301 -0.492779
v -4.619382 14.100301 -1.772684
v -3.402112 14.100301 -2.168206
v -2.649789 14.100300 -1.132732
v -3.738553 14.195894 -1.132732
v -2.580853 14.022961 -0.756578
v -2.580853 14.022961 -1.508885
v -3.738553 14.022961 0.084544
v -3.023056 14.022961 -0.147935
v -4.896252 14.022961 -0.756578
v -4.454050 14.022961 -0.147935
v -4.454050 14.022961 -2.117528
v -4.896252 14.022961 -1.508885
v -3.023056 14.022961 -2.117528
v -3.738553 14.022961 -2.350007
v -2.900836 14.113878 -0.524097
v -4.058537 14.113879 -0.147941
v -4.774026 14.113878 -1.132732
v -4.058537 14.113879 -2.117522
v -2.900836 14.113878 -1.741366
v -3.540799 14.170068 -0.524099
v -3.098595 14.170067 -1.132732
v -4.256288 14.170068 -0.756579
v -4.256288 14.170068 -1.508884
v -3.540799 14.170068 -1.741364
v 5.531973 11.319447 -0.526179
v 8.151988 11.603790 1.377350
v 4.531236 11.603790 2.553825
v 2.293462 11.603792 -0.526179
v 4.531236 11.603790 -3.606184
v 8.151988 11.603790 -2.429709
v 6.532710 12.063880 2.553825
v 2.911958 12.063879 1.377350
v 2.911958 12.063879 -2.429709
v 6.532710 12.063880 -3.606184
v 8.770484 12.063877 -0.526179
v 5.531973 12.348224 -0.526179
v 4.943759 11.396268 1.284188
v 7.071968 11.396269 0.592680
v 6.483761 11.563402 2.403065
v 8.611973 11.563402 -0.526179
v 7.071968 11.396269 -1.645038
v 3.628427 11.396270 -0.526179
v 3.040198 11.563402 1.284194
v 4.943759 11.396268 -2.336546
v 3.040198 11.563402 -2.336553
v 6.483761 11.563402 -3.455423
v 8.975533 11.833835 0.592684
v 8.975533 11.833835 -1.645043
v 5.531973 11.833835 3.094589
v 7.660209 11.833835 2.403083
v 2.088412 11.833835 0.592684
v 3.403736 11.833835 2.403083
v 3.403736 11.833835 -3.455442
v 2.088412 11.833835 -1.645043
v 7.660209 11.833835 -3.455442
v 5.531973 11.833835 -4.146948
v 8.023748 12.104267 1.284194
v 4.580186 12.104268 2.403065
v 2.451973 12.104267 -0.526179
v 4.580186 12.104268 -3.455423
v 8.023748 12.104267 -2.336553
v 6.120187 12.271401 1.284188
v 7.435518 12.271400 -0.526179
v 3.991977 12.271401 0.592680
v 3.991977 12.271401 -1.645038
v 6.120187 12.271401 -2.336546
v 6.431414 12.706652 2.193895
v 3.224792 12.706652 1.151983
v 3.224792 12.706652 -2.219637
v 6.431414 12.706652 -3.261550
v 8.413238 12.706650 -0.533827
v 5.545137 12.958473 -0.533827
v 8.594834 12.502919 0.457064
v 8.594834 12.502919 -1.524718
v 5.545137 12.502919 2.672809
v 7.429953 12.502919 2.060395
v 2.495441 12.502919 0.457064
v 3.660323 12.502919 2.060395
v 3.660323 12.502919 -3.128050
v 2.495441 12.502919 -1.524718
v 7.429953 12.502919 -3.128050
v 5.545137 12.502919 -3.740463
v 7.751910 12.742420 1.069481
v 4.702213 12.742421 2.060379
v 2.817419 12.742420 -0.533827
v 4.702213 12.742421 -3.128034
v 7.751910 12.742420 -2.137136
v 6.066073 12.890438 1.069476
v 7.230962 12.890437 -0.533827
v 4.181282 12.890438 0.457060
v 4.181282 12.890438 -1.524714
v 6.066073 12.890438 -2.137130
v 6.375769 13.390301 1.705881
v 3.711797 13.390301 0.840289
v 3.711797 13.390301 -1.960758
v 6.375769 13.390301 -2.826350
v 8.022212 13.390299 -0.560235
v 5.639476 13.599506 -0.560235
v 8.173078 13.221045 0.262970
v 8.173078 13.221045 -1.383439
v 5.639476 13.221045 2.103749
v 7.205326 13.221045 1.594972
v 3.105872 13.221045 0.262970
v 4.073625 13.221045 1.594972
v 4.073625 13.221045 -2.715442
v 3.105872 13.221045 -1.383439
v 7.205326 13.221045 -2.715442
v 5.639476 13.221045 -3.224218
v 7.472801 13.420016 0.771749
v 4.939198 13.420017 1.594959
v 3.373364 13.420016 -0.560235
v 4.939198 13.420017 -2.715428
v 7.472801 13.420016 -1.892218
v 6.072254 13.542986 0.771745
v 7.040010 13.542984 -0.560235
v 4.506423 13.542986 0.262967
v 4.506423 13.542986 -1.383436
v 6.072254 13.542986 -1.892214
v 6.258972 14.025648 1.143091
v 4.243089 14.025648 0.488080
v 4.243089 14.025648 -1.631532
v 6.258972 14.025648 -2.286543
v 7.504871 14.025647 -0.571726
v 5.701803 14.183959 -0.571726
v 7.619035 13.897570 0.051210
v 7.619035 13.897570 -1.194662
v 5.701803 13.897570 1.444166
v 6.886717 13.897570 1.059165
v 3.784572 13.897570 0.051210
v 4.516891 13.897570 1.059165
v 4.516891 13.897570 -2.202617
v 3.784572 13.897570 -1.194662
v 6.886717 13.897570 -2.202617
v 5.701803 13.897570 -2.587618
v 7.089120 14.048135 0.436214
v 5.171888 14.048136 1.059154
v 3.986988 14.048135 -0.571726
v 5.171888 14.048136 -2.202607
v 7.089120 14.048135 -1.579666
v 6.029296 14.141188 0.436211
v 6.761619 14.141188 -0.571726
v 4.844398 14.141188 0.051208
v 4.844398 14.141188 -1.194660
v 6.029296 14.141188 -1.579663
v 5.531973 11.319447 -0.526179
v 8.151988 11.603790 1.377350
v 4.531236 11.603790 2.553825
v 2.293462 11.603792 -0.526179
v 4.531236 11.603790 -3.606184
v 8.151988 11.603790 -2.429709
v 6.532710 12.063880 2.553825
v 2.911958 12.063879 1.377350
v 2.911958 12.063879 -2.429709
v 6.532710 12.063880 -3.606184
v 8.770484 12.063877 -0.526179
v 5.531973 12.348224 -0.526179
v 4.943759 11.396268 1.284188
v 7.071968 11.396269 0.592680
v 6.483761 11.563402 2.403065
v 8.611973 11.563402 -0.526179
v 7.071968 11.396269 -1.645038
v 3.628427 11.396270 -0.526179
v 3.040198 11.563402 1.284194
v 4.943759 11.396268 -2.336546
v 3.040198 11.563402 -2.336553
v 6.483761 11.563402 -3.455423
v 8.975533 11.833835 0.592684
v 8.975533 11.833835 -1.645043
v 5.531973 11.833835 3.094589
v 7.660209 11.833835 2.403083
v 2.088412 11.833835 0.592684
v 3.403736 11.833835 2.403083
v 3.403736 11.833835 -3.455442
v 2.088412 11.833835 -1.645043
v 7.660209 11.833835 -3.455442
v 5.531973 11.833835 -4.146948
v 8.023748 12.104267 1.284194
v 4.580186 12.104268 2.403065
v 2.451973 12.104267 -0.526179
v 4.580186 12.104268 -3.455423
v 8.023748 12.104267 -2.336553
v 6.120187 12.271401 1.284188
v 7.435518 12.271400 -0.526179
v 3.991977 12.271401 0.592680
v 3.991977 12.271401 -1.645038
v 6.120187 12.271401 -2.336546
v 6.431414 12.706652 2.193895
v 3.224792 12.706652 1.151983
v 3.224792 12.706652 -2.219637
v 6.431414 12.706652 -3.261550
v 8.413238 12.706650 -0.533827
v 5.545137 12.958473 -0.533827
v 8.594834 12.502919 0.457064
v 8.594834 12.502919 -1.524718
v 5.545137 12.502919 2.672809
v 7.429953 12.502919 2.060395
v 2.495441 12.502919 0.457064
v 3.660323 12.502919 2.060395
v 3.660323 12.502919 -3.128050
v 2.495441 12.502919 -1.524718
v 7.429953 12.502919 -3.128050
v 5.545137 12.502919 -3.740463
v 7.751910 12.742420 1.069481
v 4.702213 12.742421 2.060379
v 2.817419 12.742420 -0.533827
v 4.702213 12.742421 -3.128034
v 7.751910 12.742420 -2.137136
v 6.066073 12.890438 1.069476
v 7.230962 12.890437 -0.533827
v 4.181282 12.890438 0.457060
v 4.181282 12.890438 -1.524714
v 6.066073 12.890438 -2.137130
v 6.375769 13.390301 1.705881
v 3.711797 13.390301 0.840289
v 3.711797 13.390301 -1.960758
v 6.375769 13.390301 -2.826350
v 8.022212 13.390299 -0.560235
v 5.639476 13.599506 -0.560235
v 8.173078 13.221045 0.262970
v 8.173078 13.221045 -1.383439
v 5.639476 13.221045 2.103749
v 7.205326 13.221045 1.594972
v 3.105872 13.221045 0.262970
v 4.073625 13.221045 1.594972
v 4.073625 13.221045 -2.715442
v 3.105872 13.221045 -1.383439
v 7.205326 13.221045 -2.715442
v 5.639476 13.221045 -3.224218
v 7.472801 13.420016 0.771749
v 4.939198 13.420017 1.594959
v 3.373364 13.420016 -0.560235
v 4.939198 13.420017 -2.715428
v 7.472801 13.420016 -1.892218
v 6.072254 13.542986 0.771745
v 7.040010 13.542984 -0.560235
v 4.506423 13.542986 0.262967
v 4.506423 13.542986 -1.383436
v 6.072254 13.542986 -1.892214
v 6.258972 14.025648 1.143091
v 4.243089 14.025648 0.488080
v 4.243089 14.025648 -1.631532
v 6.258972 14.025648 -2.286543
v 7.504871 14.025647 -0.571726
v 5.701803 14.183959 -0.571726
v 7.619035 13.897570 0.051210
v 7.619035 13.897570 -1.194662
v 5.701803 13.897570 1.444166
v 6.886717 13.897570 1.059165
v 3.784572 13.897570 0.051210
v 4.516891 13.897570 1.059165
v 4.516891 13.897570 -2.202617
v 3.784572 13.897570 -1.194662
v 6.886717 13.897570 -2.202617
v 5.701803 13.897570 -2.587618
v 7.089120 14.048135 0.436214
v 5.171888 14.048136 1.059154
v 3.986988 14.048135 -0.571726
v 5.171888 14.048136 -2.202607
v 7.089120 14.048135 -1.579666
v 6.029296 14.141188 0.436211
v 6.761619 14.141188 -0.571726
v 4.844398 14.141188 0.051208
v 4.844398 14.141188 -1.194660
v 6.029296 14.141188 -1.579663
v 6.040812 14.545822 0.335060
v 4.823544 14.545822 -0.060462
v 4.823544 14.545822 -1.340368
v 6.040812 14.545822 -1.735890
v 6.793136 14.545821 -0.700415
v 5.704372 14.641417 -0.700415
v 6.862072 14.468483 -0.324261
v 6.862072 14.468483 -1.076568
v 5.704372 14.468483 0.516861
v 6.419869 14.468483 0.284382
v 4.546673 14.468483 -0.324261
v 4.988875 14.468483 0.284382
v 4.988875 14.468483 -1.685211
v 4.546673 14.468483 -1.076568
v 6.419869 14.468483 -1.685211
v 5.704372 14.468483 -1.917691
v 6.542089 14.559401 -0.091781
v 5.384389 14.559401 0.284375
v 4.668900 14.559401 -0.700415
v 5.384389 14.559401 -1.685205
v 6.542089 14.559401 -1.309049
v 5.902126 14.615589 -0.091783
v 6.344331 14.615589 -0.700415
v 5.186638 14.615589 -0.324263
v 5.186638 14.615589 -1.076567
v 5.902126 14.615589 -1.309047
v 0.233398 15.048459 1.271661
v 2.853413 15.332803 3.175191
v -0.767339 15.332803 4.351665
v -3.005112 15.332805 1.271661
v -0.767339 15.332803 -1.808343
v 2.853413 15.332803 -0.631868
v 1.234135 15.792892 4.351665
v -2.386616 15.792892 3.175191
v -2.386616 15.792892 -0.631868
v 1.234135 15.792892 -1.808343
v 3.471909 15.792891 1.271661
v 0.233398 16.077236 1.271661
v -0.354816 15.125280 3.082028
v 1.773393 15.125280 2.390520
v 1.185185 15.292414 4.200905
v 3.313397 15.292415 1.271661
v 1.773393 15.125280 0.152802
v -1.670148 15.125282 1.271661
v -2.258376 15.292415 3.082034
v -0.354816 15.125280 -0.538706
v -2.258376 15.292415 -0.538712
v 1.185185 15.292414 -1.657583
v 3.676959 15.562847 2.390525
v 3.676959 15.562847 0.152798
v 0.233398 15.562847 4.892429
v 2.361634 15.562847 4.200923
v -3.210162 15.562847 2.390525
v -1.894837 15.562847 4.200923
v -1.894837 15.562847 -1.657601
v -3.210162 15.562847 0.152798
v 2.361634 15.562847 -1.657601
v 0.233398 15.562847 -2.349107
v 2.725173 15.833280 3.082034
v -0.718389 15.833281 4.200905
v -2.846601 15.833280 1.271661
v -0.718389 15.833281 -1.657583
v 2.725173 15.833280 -0.538712
v 0.821613 16.000414 3.082028
v 2.136945 16.000412 1.271661
v -1.306597 16.000414 2.390520
v -1.306597 16.000414 0.152802
v 0.821613 16.000414 -0.538706
v 1.132838 16.435665 3.991736
v -2.073783 16.435663 2.949823
v -2.073783 16.435663 -0.421797
v 1.132838 16.435665 -1.463709
v 3.114661 16.435661 1.264013
v 0.246562 16.687485 1.264013
v 3.296258 16.231932 2.254904
v 3.296258 16.231932 0.273122
v 0.246562 16.231932 4.470649
v 2.131377 16.231932 3.858235
v -2.803135 16.231932 2.254904
v -1.638253 16.231932 3.858235
v -1.638253 16.231932 -1.330209
v -2.803135 16.231932 0.273122
v 2.131377 16.231932 -1.330209
v 0.246562 16.231932 -1.942623
v 2.453335 16.471432 2.867322
v -0.596363 16.471434 3.858219
v -2.481157 16.471432 1.264013
v -0.596363 16.471434 -1.330193
v 2.453335 16.471432 -0.339295
v 0.767498 16.619450 2.867316
v 1.932386 16.619450 1.264013
v -1.117294 16.619450 2.254900
v -1.117294 16.619450 0.273126
v 0.767498 16.619450 -0.339290
v 1.077193 17.119312 3.503722
v -1.586777 17.119312 2.638130
v -1.586777 17.119312 -0.162917
v 1.077193 17.119312 -1.028509
v 2.723637 17.119312 1.237606
v 0.340900 17.328520 1.237606
v 2.874503 16.950058 2.060811
v 2.874503 16.950058 0.414402
v 0.340900 16.950058 3.901589
v 1.906752 16.950058 3.392813
v -2.192702 16.950058 2.060811
v -1.224951 16.950058 3.392813
v -1.224951 16.950058 -0.917601
v -2.192702 16.950058 0.414402
v 1.906752 16.950058 -0.917601
v 0.340900 16.950058 -1.426377
v 2.174226 17.149029 2.569590
v -0.359378 17.149029 3.392800
v -1.925212 17.149029 1.237606
v -0.359378 17.149029 -0.917587
v 2.174226 17.149029 -0.094377
v 0.773679 17.271997 2.569585
v 1.741436 17.271996 1.237606
v -0.792152 17.271997 2.060807
v -0.792152 17.271997 0.414405
v 0.773679 17.271997 -0.094373
v 0.960396 17.754662 2.940932
v -1.055487 17.754662 2.285920
v -1.055487 17.754662 0.166309
v 0.960396 17.754662 -0.488703
v 2.206295 17.754660 1.226114
v 0.403228 17.912971 1.226114
v 2.320458 17.626581 1.849051
v 2.320458 17.626581 0.603178
v 0.403228 17.626581 3.242007
v 1.588140 17.626581 2.857006
v -1.514003 17.626581 1.849051
v -0.781685 17.626581 2.857006
v -0.781685 17.626581 -0.404776
v -1.514003 17.626581 0.603178
v 1.588140 17.626581 -0.404776
v 0.403228 17.626581 -0.789778
v 1.790544 17.777147 2.234055
v -0.126688 17.777147 2.856995
v -1.311587 17.777147 1.226114
v -0.126688 17.777147 -0.404766
v 1.790544 17.777147 0.218174
v 0.730721 17.870201 2.234051
v 1.463042 17.870199 1.226114
v -0.454177 17.870201 1.849048
v -0.454177 17.870201 0.603181
v 0.730721 17.870201 0.218178
v 0.233398 15.048459 1.271661
v 2.853413 15.332803 3.175191
v -0.767339 15.332803 4.351665
v -3.005112 15.332805 1.271661
v -0.767339 15.332803 -1.808343
v 2.853413 15.332803 -0.631868
v 1.234135 15.792892 4.351665
v -2.386616 15.792892 3.175191
v -2.386616 15.792892 -0.631868
v 1.234135 15.792892 -1.808343
v 3.471909 15.792891 1.271661
v 0.233398 16.077236 1.271661
v -0.354816 15.125280 3.082028
v 1.773393 15.125280 2.390520
v 1.185185 15.292414 4.200905
v 3.313397 15.292415 1.271661
v 1.773393 15.125280 0.152802
v -1.670148 15.125282 1.271661
v -2.258376 15.292415 3.082034
v -0.354816 15.125280 -0.538706
v -2.258376 15.292415 -0.538712
v 1.185185 15.292414 -1.657583
v 3.676959 15.562847 2.390525
v 3.676959 15.562847 0.152798
v 0.233398 15.562847 4.892429
v 2.361634 15.562847 4.200923
v -3.210162 15.562847 2.390525
v -1.894837 15.562847 4.200923
v -1.894837 15.562847 -1.657601
v -3.210162 15.562847 0.152798
v 2.361634 15.562847 -1.657601
v 0.233398 15.562847 -2.349107
v 2.725173 15.833280 3.082034
v -0.718389 15.833281 4.200905
v -2.846601 15.833280 1.271661
v -0.718389 15.833281 -1.657583
v 2.725173 15.833280 -0.538712
v 0.821613 16.000414 3.082028
v 2.136945 16.000412 1.271661
v -1.306597 16.000414 2.390520
v -1.306597 16.000414 0.152802
v 0.821613 16.000414 -0.538706
v 1.132838 16.435665 3.991736
v -2.073783 16.435663 2.949823
v -2.073783 16.435663 -0.421797
v 1.132838 16.435665 -1.463709
v 3.114661 16.435661 1.264013
v 0.246562 16.687485 1.264013
v 3.296258 16.231932 2.254904
v 3.296258 16.231932 0.273122
v 0.246562 16.231932 4.470649
v 2.131377 16.231932 3.858235
v -2.803135 16.231932 2.254904
v -1.638253 16.231932 3.858235
v -1.638253 16.231932 -1.330209
v -2.803135 16.231932 0.273122
v 2.131377 16.231932 -1.330209
v 0.246562 16.231932 -1.942623
v 2.453335 16.471432 2.867322
v -0.596363 16.471434 3.858219
v -2.481157 16.471432 1.264013
v -0.596363 16.471434 -1.330193
v 2.453335 16.471432 -0.339295
v 0.767498 16.619450 2.867316
v 1.932386 16.619450 1.264013
v -1.117294 16.619450 2.254900
v -1.117294 16.619450 0.273126
v 0.767498 16.619450 -0.339290
v 1.077193 17.119312 3.503722
v -1.586777 17.119312 2.638130
v -1.586777 17.119312 -0.162917
v 1.077193 17.119312 -1.028509
v 2.723637 17.119312 1.237606
v 0.340900 17.328520 1.237606
v 2.874503 16.950058 2.060811
v 2.874503 16.950058 0.414402
v 0.340900 16.950058 3.901589
v 1.906752 16.950058 3.392813
v -2.192702 16.950058 2.060811
v -1.224951 16.950058 3.392813
v -1.224951 16.950058 -0.917601
v -2.192702 16.950058 0.414402
v 1.906752 16.950058 -0.917601
v 0.340900 16.950058 -1.426377
v 2.174226 17.149029 2.569590
v -0.359378 17.149029 3.392800
v -1.925212 17.149029 1.237606
v -0.359378 17.149029 -0.917587
v 2.174226 17.149029 -0.094377
v 0.773679 17.271997 2.569585
v 1.741436 17.271996 1.237606
v -0.792152 17.271997 2.060807
v -0.792152 17.271997 0.414405
v 0.773679 17.271997 -0.094373
v 0.960396 17.754662 2.940932
v -1.055487 17.754662 2.285920
v -1.055487 17.754662 0.166309
v 0.960396 17.754662 -0.488703
v 2.206295 17.754660 1.226114
v 0.403228 17.912971 1.226114
v 2.320458 17.626581 1.849051
v 2.320458 17.626581 0.603178
v 0.403228 17.626581 3.242007
v 1.588140 17.626581 2.857006
v -1.514003 17.626581 1.849051
v -0.781685 17.626581 2.857006
v -0.781685 17.626581 -0.404776
v -1.514003 17.626581 0.603178
v 1.588140 17.626581 -0.404776
v 0.403228 17.626581 -0.789778
v 1.790544 17.777147 2.234055
v -0.126688 17.777147 2.856995
v -1.311587 17.777147 1.226114
v -0.126688 17.777147 -0.404766
v 1.790544 17.777147 0.218174
v 0.730721 17.870201 2.234051
v 1.463042 17.870199 1.226114
v -0.454177 17.870201 1.849048
v -0.454177 17.870201 0.603181
v 0.730721 17.870201 0.218178
v 0.742237 18.274834 2.132900
v -0.475032 18.274834 1.737378
v -0.475032 18.274834 0.457473
v 0.742237 18.274834 0.061951
v 1.494560 18.274834 1.097426
v 0.405797 18.370428 1.097426
v 1.563497 18.197495 1.473579
v 1.563497 18.197495 0.721272
v 0.405797 18.197495 2.314701
v 1.121294 18.197495 2.082222
v -0.751903 18.197495 1.473579
v -0.309700 18.197495 2.082222
v -0.309700 18.197495 0.112629
v -0.751903 18.197495 0.721272
v 1.121294 18.197495 0.112629
v 0.405797 18.197495 -0.119850
v 1.243513 18.288410 1.706060
v 0.085814 18.288412 2.082216
v -0.629676 18.288410 1.097426
v 0.085814 18.288412 0.112635
v 1.243513 18.288410 0.488791
v 0.603550 18.344601 1.706058
v 1.045755 18.344601 1.097426
v -0.111938 18.344601 1.473578
v -0.111938 18.344601 0.721274
v 0.603550 18.344601 0.488794
v -0.317211 9.436666 5.345552
v 2.302804 9.721010 7.249083
v -1.317948 9.721009 8.425557
v -3.555722 9.721012 5.345552
v -1.317948 9.721009 2.265549
v 2.302804 9.721010 3.442023
v 0.683526 10.181099 8.425557
v -2.937226 10.181099 7.249083
v -2.937226 10.181099 3.442023
v 0.683526 10.181099 2.265549
v 2.921299 10.181097 5.345552
v -0.317211 10.465443 5.345552
v -0.905425 9.513488 7.155920
v 1.222784 9.513488 6.464411
v 0.634576 9.680621 8.274796
v 2.762788 9.680622 5.345552
v 1.222784 9.513488 4.226694
v -2.220757 9.513489 5.345552
v -2.808986 9.680622 7.155926
v -0.905425 9.513488 3.535185
v -2.808986 9.680622 3.535180
v 0.634576 9.680621 2.416309
v 3.126350 9.951054 6.464416
v 3.126350 9.951054 4.226689
v -0.317211 9.951054 8.966321
v 1.811024 9.951054 8.274816
v -3.760772 9.951054 6.464416
v -2.445447 9.951054 8.274816
v -2.445447 9.951054 2.416290
v -3.760772 9.951054 4.226689
v 1.811024 9.951054 2.416290
v -0.317211 9.951054 1.724784
v 2.174563 10.221487 7.155926
v -1.268998 10.221487 8.274796
v -3.397210 10.221487 5.345552
v -1.268998 10.221487 2.416309
v 2.174563 10.221487 3.535180
v 0.271003 10.388620 7.155920
v 1.586334 10.388619 5.345552
v -1.857206 10.388620 6.464411
v -1.857206 10.388620 4.226694
v 0.271003 10.388620 3.535185
v 0.582228 10.823872 8.065627
v -2.624393 10.823871 7.023715
v -2.624393 10.823871 3.652095
v 0.582228 10.823872 2.610182
v 2.564052 10.823870 5.337904
v -0.304047 11.075692 5.337904
v 2.745649 10.620138 6.328796
v 2.745649 10.620138 4.347013
v -0.304047 10.620138 8.544540
v 1.580767 10.620138 7.932127
v -3.353744 10.620138 6.328796
v -2.188862 10.620138 7.932127
v -2.188862 10.620138 2.743682
v -3.353744 10.620138 4.347013
v 1.580767 10.620138 2.743682
v -0.304047 10.620138 2.131269
v 1.902726 10.859639 6.941213
v -1.146972 10.859640 7.932111
v -3.031766 10.859639 5.337904
v -1.146972 10.859640 2.743699
v 1.902726 10.859639 3.734596
v 0.216889 11.007657 6.941207
v 1.381777 11.007656 5.337904
v -1.667903 11.007657 6.328792
v -1.667903 11.007657 4.347018
v 0.216889 11.007657 3.734601
v 0.526584 11.507520 7.577613
v -2.137387 11.507520 6.712021
v -2.137387 11.507520 3.910974
v 0.526584 11.507520 3.045382
v 2.173028 11.507519 5.311498
v -0.209709 11.716726 5.311498
v 2.323893 11.338264 6.134702
v 2.323893 11.338264 4.488293
v -0.209709 11.338264 7.975481
v 1.356142 11.338264 7.466704
v -2.743311 11.338264 6.134702
v -1.775561 11.338264 7.466704
v -1.775561 11.338264 3.156291
v -2.743311 11.338264 4.488293
v 1.356142 11.338264 3.156291
v -0.209709 11.338264 2.647514
v 1.623616 11.537235 6.643481
v -0.909987 11.537236 7.466692
v -2.475821 11.537235 5.311498
v -0.909987 11.537236 3.156304
v 1.623616 11.537235 3.979514
v 0.223070 11.660205 6.643477
v 1.190826 11.660204 5.311498
v -1.342762 11.660205 6.134699
v -1.342762 11.660205 4.488297
v 0.223070 11.660205 3.979518
v 0.409787 12.142867 7.014823
v -1.606096 12.142867 6.359812
v -1.606096 12.142867 4.240200
v 0.409787 12.142867 3.585188
v 1.655686 12.142865 5.300006
v -0.147382 12.301177 5.300006
v 1.769849 12.014788 5.922942
v 1.769849 12.014788 4.677069
v -0.147382 12.014788 7.315898
v 1.037531 12.014788 6.930896
v -2.064612 12.014788 5.922942
v -1.332294 12.014788 6.930896
v -1.332294 12.014788 3.669115
v -2.064612 12.014788 4.677069
v 1.037531 12.014788 3.669115
v -0.147382 12.014788 3.284113
v 1.239934 12.165353 6.307946
v -0.677297 12.165354 6.930886
v -1.862196 12.165353 5.300006
v -0.677297 12.165354 3.669125
v 1.239934 12.165353 4.292066
v 0.180112 12.258407 6.307942
v 0.912433 12.258406 5.300006
v -1.004786 12.258407 5.922940
v -1.004786 12.258407 4.677072
v 0.180112 12.258407 4.292069
v -0.317211 9.436666 5.345552
v 2.302804 9.721010 7.249083
v -1.317948 9.721009 8.425557
v -3.555722 9.721012 5.345552
v -1.317948 9.721009 2.265549
v 2.302804 9.721010 3.442023
v 0.683526 10.181099 8.425557
v -2.937226 10.181099 7.249083
v -2.937226 10.181099 3.442023
v 0.683526 10.181099 2.265549
v 2.921299 10.181097 5.345552
v -0.317211 10.465443 5.345552
v -0.905425 9.513488 7.155920
v 1.222784 9.513488 6.464411
v 0.634576 9.680621 8.274796
v 2.762788 9.680622 5.345552
v 1.222784 9.513488 4.226694
v -2.220757 9.513489 5.345552
v -2.808986 9.680622 7.155926
v -0.905425 9.513488 3.535185
v -2.808986 9.680622 3.535180
v 0.634576 9.680621 2.416309
v 3.126350 9.951054 6.464416
v 3.126350 9.951054 4.226689
v -0.317211 9.951054 8.966321
v 1.811024 9.951054 8.274816
v -3.760772 9.951054 6.464416
v -2.445447 9.951054 8.274816
v -2.445447 9.951054 2.416290
v -3.760772 9.951054 4.226689
v 1.811024 9.951054 2.416290
v -0.317211 9.951054 1.724784
v 2.174563 10.221487 7.155926
v -1.268998 10.221487 8.274796
v -3.397210 10.221487 5.345552
v -1.268998 10.221487 2.416309
v 2.174563 10.221487 3.535180
v 0.271003 10.388620 7.155920
v 1.586334 10.388619 5.345552
v -1.857206 10.388620 6.464411
v -1.857206 10.388620 4.226694
v 0.271003 10.388620 3.535185
v 0.582228 10.823872 8.065627
v -2.624393 10.823871 7.023715
v -2.624393 10.823871 3.652095
v 0.582228 10.823872 2.610182
v 2.564052 10.823870 5.337904
v -0.304047 11.075692 5.337904
v 2.745649 10.620138 6.328796
v 2.745649 10.620138 4.347013
v -0.304047 10.620138 8.544540
v 1.580767 10.620138 7.932127
v -3.353744 10.620138 6.328796
v -2.188862 10.620138 7.932127
v -2.188862 10.620138 2.743682
v -3.353744 10.620138 4.347013
v 1.580767 10.620138 2.743682
v -0.304047 10.620138 2.131269
v 1.902726 10.859639 6.941213
v -1.146972 10.859640 7.932111
v -3.031766 10.859639 5.337904
v -1.146972 10.859640 2.743699
v 1.902726 10.859639 3.734596
v 0.216889 11.007657 6.941207
v 1.381777 11.007656 5.337904
v -1.667903 11.007657 6.328792
v -1.667903 11.007657 4.347018
v 0.216889 11.007657 3.734601
v 0.526584 11.507520 7.577613
v -2.137387 11.507520 6.712021
v -2.137387 11.507520 3.910974
v 0.526584 11.507520 3.045382
v 2.173028 11.507519 5.311498
v -0.209709 11.716726 5.311498
v 2.323893 11.338264 6.134702
v 2.323893 11.338264 4.488293
v -0.209709 11.338264 7.975481
v 1.356142 11.338264 7.466704
v -2.743311 11.338264 6.134702
v -1.775561 11.338264 7.466704
v -1.775561 11.338264 3.156291
v -2.743311 11.338264 4.488293
v 1.356142 11.338264 3.156291
v -0.209709 11.338264 2.647514
v 1.623616 11.537235 6.643481
v -0.909987 11.537236 7.466692
v -2.475821 11.537235 5.311498
v -0.909987 11.537236 3.156304
v 1.623616 11.537235 3.979514
v 0.223070 11.660205 6.643477
v 1.190826 11.660204 5.311498
v -1.342762 11.660205 6.134699
v -1.342762 11.660205 4.488297
v 0.223070 11.660205 3.979518
v 0.409787 12.142867 7.014823
v -1.606096 12.142867 6.359812
v -1.606096 12.142867 4.240200
v 0.409787 12.142867 3.585188
v 1.655686 12.142865 5.300006
v -0.147382 12.301177 5.300006
v 1.769849 12.014788 5.922942
v 1.769849 12.014788 4.677069
v -0.147382 12.014788 7.315898
v 1.037531 12.014788 6.930896
v -2.064612 12.014788 5.922942
v -1.332294 12.014788 6.930896
v -1.332294 12.014788 3.669115
v -2.064612 12.014788 4.677069
v 1.037531 12.014788 3.669115
v -0.147382 12.014788 3.284113
v 1.239934 12.165353 6.307946
v -0.677297 12.165354 6.930886
v -1.862196 12.165353 5.300006
v -0.677297 12.165354 3.669125
v 1.239934 12.165353 4.292066
v 0.180112 12.258407 6.307942
v 0.912433 12.258406 5.300006
v -1.004786 12.258407 5.922940
v -1.004786 12.258407 4.677072
v 0.180112 12.258407 4.292069
v 0.191628 12.663040 6.206791
v -1.025642 12.663040 5.811269
v -1.025642 12.663040 4.531364
v 0.191628 12.663040 4.135842
v 0.943951 12.663039 5.171317
v -0.144813 12.758635 5.171317
v 1.012887 12.585701 5.547471
v 1.012887 12.585701 4.795163
v -0.144813 12.585701 6.388592
v 0.570685 12.585701 6.156113
v -1.302512 12.585701 5.547471
v -0.860310 12.585701 6.156113
v -0.860310 12.585701 4.186521
v -1.302512 12.585701 4.795163
v 0.570685 12.585701 4.186521
v -0.144813 12.585701 3.954041
v 0.692904 12.676619 5.779951
v -0.464796 12.676619 6.156107
v -1.180285 12.676619 5.171317
v -0.464796 12.676619 4.186527
v 0.692904 12.676619 4.562683
v 0.052941 12.732807 5.779949
v 0.495146 12.732807 5.171317
v -0.662548 12.732807 5.547469
v -0.662548 12.732807 4.795165
v 0.052941 12.732807 4.562685
vn 0.0154 -0.9988 0.0474
vn 0.1484 -0.9873 0.0568
vn -0.0403 -0.9988 0.0293
vn -0.0403 -0.9988 -0.0293
vn 0.0154 -0.9988 -0.0474
vn 0.3606 -0.9266 0.1068
vn 0.0099 -0.9266 0.3759
vn -0.3545 -0.9266 0.1255
vn -0.2289 -0.9266 -0.2983
vn 0.2130 -0.9266 -0.3099
vn 0.6039 -0.6654 0.4388
vn -0.2307 -0.6654 0.7100
vn -0.7465 -0.6654 -0.0000
vn -0.2307 -0.6654 -0.7100
vn 0.6039 -0.6654 -0.4388
vn 0.0867 0.9873 0.1332
vn -0.0999 0.9873 0.1236
vn -0.1484 0.9873 -0.0568
vn 0.0082 0.9873 -0.1587
vn 0.1535 0.9873 -0.0413
vn 0.0403 0.9988 -0.0293
vn 0.0873 0.9942 -0.0634
vn 0.0867 0.9873 -0.1332
vn -0.0154 0.9988 -0.0474
vn -0.0333 0.9942 -0.1026
vn -0.0999 0.9873 -0.1236
vn -0.0498 0.9988 -0.0000
vn -0.1079 0.9942 -0.0000
vn -0.1484 0.9873 0.0568
vn -0.0154 0.9988 0.0474
vn -0.0333 0.9942 0.1026
vn 0.0082 0.9873 0.1587
vn 0.0403 0.9988 0.0293
vn 0.0873 0.9942 0.0634
vn 0.1535 0.9873 0.0413
vn 0.3545 0.9266 -0.1255
vn 0.4829 0.8024 -0.3508
vn 0.2289 0.9266 -0.2983
vn -0.0099 0.9266 -0.3759
vn -0.1844 0.8024 -0.5676
vn -0.2130 0.9266 -0.3099
vn -0.3606 0.9266 -0.1068
vn -0.5968 0.8024 -0.0000
vn -0.3606 0.9266 0.1068
vn -0.2130 0.9266 0.3099
vn -0.1844 0.8024 0.5676
vn -0.0099 0.9266 0.3759
vn 0.2289 0.9266 0.2983
vn 0.4829 0.8024 0.3508
vn 0.3545 0.9266 0.1255
vn 0.2307 0.6654 -0.7100
vn 0.1844 -0.8024 -0.5676
vn 0.0099 -0.9266 -0.3759
vn -0.6039 0.6654 -0.4388
vn -0.4829 -0.8024 -0.3508
vn -0.3545 -0.9266 -0.1255
vn -0.6039 0.6654 0.4388
vn -0.4829 -0.8024 0.3508
vn -0.2289 -0.9266 0.2983
vn 0.2307 0.6654 0.7100
vn 0.1844 -0.8024 0.5676
vn 0.2130 -0.9266 0.3099
vn 0.7465 0.6654 -0.0000
vn 0.5968 -0.8024 -0.0000
vn 0.3606 -0.9266 -0.1068
vn 0.0999 -0.9873 -0.1236
vn 0.0333 -0.9942 -0.1026
vn -0.0082 -0.9873 -0.1587
vn -0.0867 -0.9873 -0.1332
vn -0.0873 -0.9942 -0.0634
vn -0.1535 -0.9873 -0.0413
vn -0.1535 -0.9873 0.0413
vn -0.0873 -0.9942 0.0634
vn -0.0867 -0.9873 0.1332
vn 0.1484 -0.9873 -0.0568
vn 0.1079 -0.9942 -0.0000
vn 0.0498 -0.9988 -0.0000
vn -0.0082 -0.9873 0.1587
vn 0.0333 -0.9942 0.1026
vn 0.0999 -0.9873 0.1236
vt 0.181819 0.000000
vt 0.227273 0.078731
vt 0.136365 0.078731
vt 0.272728 0.157461
vt 0.318182 0.078731
vt 0.363637 0.157461
vt 0.909091 0.000000
vt 0.954545 0.078731
vt 0.863636 0.078731
vt 0.727273 0.000000
vt 0.772727 0.078731
vt 0.681818 0.078731
vt 0.545455 0.000000
vt 0.590909 0.078731
vt 0.500000 0.078731
vt 0.318182 0.236191
vt 0.090910 0.157461
vt 0.181819 0.157461
vt 0.136365 0.236191
vt 0.818182 0.157461
vt 0.909091 0.157461
vt 0.863636 0.236191
vt 0.636364 0.157461
vt 0.727273 0.157461
vt 0.681818 0.236191
vt 0.454546 0.157461
vt 0.545455 0.157461
vt 0.500000 0.236191
vt 0.227273 0.236191
vt 0.045455 0.236191
vt 0.772727 0.236191
vt 0.590909 0.236191
vt 0.409092 0.236191
vt 0.181819 0.314921
vt 0.272728 0.314921
vt 0.227273 0.393651
vt 0.000000 0.314921
vt 0.090910 0.314921
vt 0.045455 0.393651
vt 0.727273 0.314921
vt 0.818182 0.314921
vt 0.772727 0.393651
vt 0.545455 0.314921
vt 0.636364 0.314921
vt 0.590909 0.393651
vt 0.363637 0.314921
vt 0.454546 0.314921
vt 0.409092 0.393651
vt 0.500000 0.393651
vt 0.454546 0.472382
vt 0.681818 0.393651
vt 0.636364 0.472382
vt 0.863636 0.393651
vt 0.818182 0.472382
vt 0.909091 0.314921
vt 0.136365 0.393651
vt 0.090910 0.472382
vt 0.318182 0.393651
vt 0.272728 0.472382
vt 0.954545 0.236191
vt 1.000000 0.157461
vt 0.409092 0.078731
vt 0.363637 0.000000
s 0
f 165/275/165 178/276/165 177/277/165
f 166/278/166 178/279/166 180/280/166
f 165/281/167 177/282/167 182/283/167
f 165/284/168 182/285/168 184/286/168
f 165/287/169 184/288/169 181/289/169
f 166/278/170 180/280/170 187/290/170
f 167/291/171 179/292/171 189/293/171
f 168/294/172 183/295/172 191/296/172
f 169/297/173 185/298/173 193/299/173
f 170/300/174 186/301/174 195/302/174
f 166/278/175 187/290/175 190/303/175
f 167/291/176 189/293/176 192/304/176
f 168/294/177 191/296/177 194/305/177
f 169/297/178 193/299/178 196/306/178
f 170/300/179 195/302/179 188/307/179
f 171/308/180 197/309/180 202/310/180
f 172/311/181 198/312/181 204/313/181
f 173/314/182 199/315/182 205/316/182
f 174/317/183 200/318/183 206/319/183
f 175/320/184 201/321/184 203/322/184
f 203/322/185 206/323/185 176/324/185
f 203/322/186 201/321/186 206/323/186
f 201/321/187 174/317/187 206/323/187
f 206/319/188 205/325/188 176/326/188
f 206/319/189 200/318/189 205/325/189
f 200/318/190 173/314/190 205/325/190
f 205/316/191 204/327/191 176/328/191
f 205/316/192 199/315/192 204/327/192
f 199/315/193 172/329/193 204/327/193
f 204/313/194 202/330/194 176/331/194
f 204/313/195 198/312/195 202/330/195
f 198/312/196 171/308/196 202/330/196
f 202/310/197 203/332/197 176/333/197
f 202/310/198 197/309/198 203/332/198
f 197/309/199 175/320/199 203/332/199
f 188/307/200 201/321/200 175/320/200
f 188/307/201 195/302/201 201/321/201
f 195/302/202 174/317/202 201/321/202
f 196/306/203 200/318/203 174/317/203
f 196/306/204 193/299/204 200/318/204
f 193/299/205 173/314/205 200/318/205
f 194/305/206 199/315/206 173/314/206
f 194/305/207 191/296/207 199/315/207
f 191/296/208 172/329/208 199/315/208
f 192/304/209 198/312/209 172/311/209
f 192/304/210 189/293/210 198/312/210
f 189/293/211 171/308/211 198/312/211
f 190/303/212 197/309/212 171/308/212
f 190/303/213 187/290/213 197/309/213
f 187/290/214 175/320/214 197/309/214
f 195/302/215 196/306/215 174/317/215
f 195/302/216 186/301/216 196/306/216
f 186/301/217 169/297/217 196/306/217
f 193/299/218 194/305/218 173/314/218
f 193/299/219 185/298/219 194/305/219
f 185/298/220 168/294/220 194/305/220
f 191/296/221 192/334/221 172/329/221
f 191/296/222 183/295/222 192/334/222
f 183/295/223 167/335/223 192/334/223
f 189/293/224 190/303/224 171/308/224
f 189/293/225 179/292/225 190/303/225
f 179/292/226 166/278/226 190/303/226
f 187/290/227 188/307/227 175/320/227
f 187/290/228 180/280/228 188/307/228
f 180/280/229 170/300/229 188/307/229
f 181/289/230 186/301/230 170/300/230
f 181/289/231 184/288/231 186/301/231
f 184/288/232 169/297/232 186/301/232
f 184/286/233 185/298/233 169/297/233
f 184/286/234 182/285/234 185/298/234
f 182/285/235 168/294/235 185/298/235
f 182/283/236 183/295/236 168/294/236
f 182/283/237 177/282/237 183/295/237
f 177/282/238 167/335/238 183/295/238
f 180/280/239 181/336/239 170/300/239
f 180/280/240 178/279/240 181/336/240
f 178/279/241 165/337/241 181/336/241
f 177/277/242 179/292/242 167/291/242
f 177/277/243 178/276/243 179/292/243
f 178/276/244 166/278/244 179/292/244
f 207/308/180 223/309/180 228/310/180
f 208/311/181 224/312/181 230/313/181
f 209/314/182 225/315/182 231/316/182
f 210/317/183 226/318/183 232/319/183
f 211/320/184 227/321/184 229/322/184
f 229/322/185 232/323/185 212/324/185
f 229/322/186 227/321/186 232/323/186
f 227/321/187 210/317/187 232/323/187
f 232/319/188 231/325/188 212/326/188
f 232/319/189 226/318/189 231/325/189
f 226/318/190 209/314/190 231/325/190
f 231/316/191 230/327/191 212/328/191
f 231/316/192 225/315/192 230/327/192
f 225/315/193 208/329/193 230/327/193
f 230/313/194 228/330/194 212/331/194
f 230/313/195 224/312/195 228/330/195
f 224/312/196 207/308/196 228/330/196
f 228/310/197 229/332/197 212/333/197
f 228/310/198 223/309/198 229/332/198
f 223/309/199 211/320/199 229/332/199
f 214/307/200 227/321/200 211/320/200
f 214/307/201 221/302/201 227/321/201
f 221/302/202 210/317/202 227/321/202
f 222/306/203 226/318/203 210/317/203
f 222/306/204 219/299/204 226/318/204
f 219/299/205 209/314/205 226/318/205
f 220/305/206 225/315/206 209/314/206
f 220/305/207 217/296/207 225/315/207
f 217/296/208 208/329/208 225/315/208
f 218/304/209 224/312/209 208/311/209
f 218/304/210 215/293/210 224/312/210
f 215/293/211 207/308/211 224/312/211
f 216/303/212 223/309/212 207/308/212
f 216/303/213 213/290/213 223/309/213
f 213/290/214 211/320/214 223/309/214
f 221/302/215 222/306/215 210/317/215
f 219/299/218 220/305/218 209/314/218
f 217/296/221 218/334/221 208/329/221
f 215/293/224 216/303/224 207/308/224
f 213/290/227 214/307/227 211/320/227
f 233/308/180 249/309/180 254/310/180
f 234/311/181 250/312/181 256/313/181
f 235/314/182 251/315/182 257/316/182
f 236/317/183 252/318/183 258/319/183
f 237/320/184 253/321/184 255/322/184
f 255/322/185 258/323/185 238/324/185
f 255/322/186 253/321/186 258/323/186
f 253/321/187 236/317/187 258/323/187
f 258/319/188 257/325/188 238/326/188
f 258/319/189 252/318/189 257/325/189
f 252/318/190 235/314/190 257/325/190
f 257/316/191 256/327/191 238/328/191
f 257/316/192 251/315/192 256/327/192
f 251/315/193 234/329/193 256/327/193
f 256/313/194 254/330/194 238/331/194
f 256/313/195 250/312/195 254/330/195
f 250/312/196 233/308/196 254/330/196
f 254/310/197 255/332/197 238/333/197
f 254/310/198 249/309/198 255/332/198
f 249/309/199 237/320/199 255/332/199
f 240/307/200 253/321/200 237/320/200
f 240/307/201 247/302/201 253/321/201
f 247/302/202 236/317/202 253/321/202
f 248/306/203 252/318/203 236/317/203
f 248/306/204 245/299/204 252/318/204
f 245/299/205 235/314/205 252/318/205
f 246/305/206 251/315/206 235/314/206
f 246/305/207 243/296/207 251/315/207
f 243/296/208 234/329/208 251/315/208
f 244/304/209 250/312/209 234/311/209
f 244/304/210 241/293/210 250/312/210
f 241/293/211 233/308/211 250/312/211
f 242/303/212 249/309/212 233/308/212
f 242/303/213 239/290/213 249/309/213
f 239/290/214 237/320/214 249/309/214
f 247/302/215 248/306/215 236/317/215
f 245/299/218 246/305/218 235/314/218
f 243/296/221 244/334/221 234/329/221
f 241/293/224 242/303/224 233/308/224
f 239/290/227 240/307/227 237/320/227
f 259/308/180 275/309/180 280/310/180
f 260/311/181 276/312/181 282/313/181
f 261/314/182 277/315/182 283/316/182
f 262/317/183 278/318/183 284/319/183
f 263/320/184 279/321/184 281/322/184
f 281/322/185 284/323/185 264/324/185
f 281/322/186 279/321/186 284/323/186
f 279/321/187 262/317/187 284/323/187
f 284/319/188 283/325/188 264/326/188
f 284/319/189 278/318/189 283/325/189
f 278/318/190 261/314/190 283/325/190
f 283/316/191 282/327/191 264/328/191
f 283/316/192 277/315/192 282/327/192
f 277/315/193 260/329/193 282/327/193
f 282/313/194 280/330/194 264/331/194
f 282/313/195 276/312/195 280/330/195
f 276/312/196 259/308/196 280/330/196
f 280/310/197 281/332/197 264/333/197
f 280/310/198 275/309/198 281/332/198
f 275/309/199 263/320/199 281/332/199
f 266/307/200 279/321/200 263/320/200
f 266/307/201 273/302/201 279/321/201
f 273/302/202 262/317/202 279/321/202
f 274/306/203 278/318/203 262/317/203
f 274/306/204 271/299/204 278/318/204
f 271/299/205 261/314/205 278/318/205
f 272/305/206 277/315/206 261/314/206
f 272/305/207 269/296/207 277/315/207
f 269/296/208 260/329/208 277/315/208
f 270/304/209 276/312/209 260/311/209
f 270/304/210 267/293/210 276/312/210
f 267/293/211 259/308/211 276/312/211
f 268/303/212 275/309/212 259/308/212
f 268/303/213 265/290/213 275/309/213
f 265/290/214 263/320/214 275/309/214
f 273/302/215 274/306/215 262/317/215
f 271/299/218 272/305/218 261/314/218
f 269/296/221 270/334/221 260/329/221
f 267/293/224 268/303/224 259/308/224
f 265/290/227 266/307/227 263/320/227
f 285/275/165 298/276/165 297/277/165
f 286/278/166 298/279/166 300/280/166
f 285/281/167 297/282/167 302/283/167
f 285/284/168 302/285/168 304/286/168
f 285/287/169 304/288/169 301/289/169
f 286/278/170 300/280/170 307/290/170
f 287/291/171 299/292/171 309/293/171
f 288/294/172 303/295/172 311/296/172
f 289/297/173 305/298/173 313/299/173
f 290/300/174 306/301/174 315/302/174
f 286/278/175 307/290/175 310/303/175
f 287/291/176 309/293/176 312/304/176
f 288/294/177 311/296/177 314/305/177
f 289/297/178 313/299/178 316/306/178
f 290/300/179 315/302/179 308/307/179
f 291/308/180 317/309/180 322/310/180
f 292/311/181 318/312/181 324/313/181
f 293/314/182 319/315/182 325/316/182
f 294/317/183 320/318/183 326/319/183
f 295/320/184 321/321/184 323/322/184
f 323/322/185 326/323/185 296/324/185
f 323/322/186 321/321/186 326/323/186
f 321/321/187 294/317/187 326/323/187
f 326/319/188 325/325/188 296/326/188
f 326/319/189 320/318/189 325/325/189
f 320/318/190 293/314/190 325/325/190
f 325/316/191 324/327/191 296/328/191
f 325/316/192 319/315/192 324/327/192
f 319/315/193 292/329/193 324/327/193
f 324/313/194 322/330/194 296/331/194
f 324/313/195 318/312/195 322/330/195
f 318/312/196 291/308/196 322/330/196
f 322/310/197 323/332/197 296/333/197
f 322/310/198 317/309/198 323/332/198
f 317/309/199 295/320/199 323/332/199
f 308/307/200 321/321/200 295/320/200
f 308/307/201 315/302/201 321/321/201
f 315/302/202 294/317/202 321/321/202
f 316/306/203 320/318/203 294/317/203
f 316/306/204 313/299/204 320/318/204
f 313/299/205 293/314/205 320/318/205
f 314/305/206 319/315/206 293/314/206
f 314/305/207 311/296/207 319/315/207
f 311/296/208 292/329/208 319/315/208
f 312/304/209 318/312/209 292/311/209
f 312/304/210 309/293/210 318/312/210
f 309/293/211 291/308/211 318/312/211
f 310/303/212 317/309/212 291/308/212
f 310/303/213 307/290/213 317/309/213
f 307/290/214 295/320/214 317/309/214
f 315/302/215 316/306/215 294/317/215
f 315/302/216 306/301/216 316/306/216
f 306/301/217 289/297/217 316/306/217
f 313/299/218 314/305/218 293/314/218
f 313/299/219 305/298/219 314/305/219
f 305/298/220 288/294/220 314/305/220
f 311/296/221 312/334/221 292/329/221
f 311/296/222 303/295/222 312/334/222
f 303/295/223 287/335/223 312/334/223
f 309/293/224 310/303/224 291/308/224
f 309/293/225 299/292/225 310/303/225
f 299/292/226 286/278/226 310/303/226
f 307/290/227 308/307/227 295/320/227
f 307/290/228 300/280/228 308/307/228
f 300/280/229 290/300/229 308/307/229
f 301/289/230 306/301/230 290/300/230
f 301/289/231 304/288/231 306/301/231
f 304/288/232 289/297/232 306/301/232
f 304/286/233 305/298/233 289/297/233
f 304/286/234 302/285/234 305/298/234
f 302/285/235 288/294/235 305/298/235
f 302/283/236 303/295/236 288/294/236
f 302/283/237 297/282/237 303/295/237
f 297/282/238 287/335/238 303/295/238
f 300/280/239 301/336/239 290/300/239
f 300/280/240 298/279/240 301/336/240
f 298/279/241 285/337/241 301/336/241
f 297/277/242 299/292/242 287/291/242
f 297/277/243 298/276/243 299/292/243
f 298/276/244 286/278/244 299/292/244
f 327/308/180 343/309/180 348/310/180
f 328/311/181 344/312/181 350/313/181
f 329/314/182 345/315/182 351/316/182
f 330/317/183 346/318/183 352/319/183
f 331/320/184 347/321/184 349/322/184
f 349/322/185 352/323/185 332/324/185
f 349/322/186 347/321/186 352/323/186
f 347/321/187 330/317/187 352/323/187
f 352/319/188 351/325/188 332/326/188
f 352/319/189 346/318/189 351/325/189
f 346/318/190 329/314/190 351/325/190
f 351/316/191 350/327/191 332/328/191
f 351/316/192 345/315/192 350/327/192
f 345/315/193 328/329/193 350/327/193
f 350/313/194 348/330/194 332/331/194
f 350/313/195 344/312/195 348/330/195
f 344/312/196 327/308/196 348/330/196
f 348/310/197 349/332/197 332/333/197
f 348/310/198 343/309/198 349/332/198
f 343/309/199 331/320/199 349/332/199
f 334/307/200 347/321/200 331/320/200
f 334/307/201 341/302/201 347/321/201
f 341/302/202 330/317/202 347/321/202
f 342/306/203 346/318/203 330/317/203
f 342/306/204 339/299/204 346/318/204
f 339/299/205 329/314/205 346/318/205
f 340/305/206 345/315/206 329/314/206
f 340/305/207 337/296/207 345/315/207
f 337/296/208 328/329/208 345/315/208
f 338/304/209 344/312/209 328/311/209
f 338/304/210 335/293/210 344/312/210
f 335/293/211 327/308/211 344/312/211
f 336/303/212 343/309/212 327/308/212
f 336/303/213 333/290/213 343/309/213
f 333/290/214 331/320/214 343/309/214
f 341/302/215 342/306/215 330/317/215
f 339/299/218 340/305/218 329/314/218
f 337/296/221 338/334/221 328/329/221
f 335/293/224 336/303/224 327/308/224
f 333/290/227 334/307/227 331/320/227
f 353/308/180 369/309/180 374/310/180
f 354/311/181 370/312/181 376/313/181
f 355/314/182 371/315/182 377/316/182
f 356/317/183 372/318/183 378/319/183
f 357/320/184 373/321/184 375/322/184
f 375/322/185 378/323/185 358/324/185
f 375/322/186 373/321/186 378/323/186
f 373/321/187 356/317/187 378/323/187
f 378/319/188 377/325/188 358/326/188
f 378/319/189 372/318/189 377/325/189
f 372/318/190 355/314/190 377/325/190
f 377/316/191 376/327/191 358/328/191
f 377/316/192 371/315/192 376/327/192
f 371/315/193 354/329/193 376/327/193
f 376/313/194 374/330/194 358/331/194
f 376/313/195 370/312/195 374/330/195
f 370/312/196 353/308/196 374/330/196
f 374/310/197 375/332/197 358/333/197
f 374/310/198 369/309/198 375/332/198
f 369/309/199 357/320/199 375/332/199
f 360/307/200 373/321/200 357/320/200
f 360/307/201 367/302/201 373/321/201
f 367/302/202 356/317/202 373/321/202
f 368/306/203 372/318/203 356/317/203
f 368/306/204 365/299/204 372/318/204
f 365/299/205 355/314/205 372/318/205
f 366/305/206 371/315/206 355/314/206
f 366/305/207 363/296/207 371/315/207
f 363/296/208 354/329/208 371/315/208
f 364/304/209 370/312/209 354/311/209
f 364/304/210 361/293/210 370/312/210
f 361/293/211 353/308/211 370/312/211
f 362/303/212 369/309/212 353/308/212
f 362/303/213 359/290/213 369/309/213
f 359/290/214 357/320/214 369/309/214
f 367/302/215 368/306/215 356/317/215
f 365/299/218 366/305/218 355/314/218
f 363/296/221 364/334/221 354/329/221
f 361/293/224 362/303/224 353/308/224
f 359/290/227 360/307/227 357/320/227
f 379/308/180 395/309/180 400/310/180
f 380/311/181 396/312/181 402/313/181
f 381/314/182 397/315/182 403/316/182
f 382/317/183 398/318/183 404/319/183
f 383/320/184 399/321/184 401/322/184
f 401/322/185 404/323/185 384/324/185
f 401/322/186 399/321/186 404/323/186
f 399/321/187 382/317/187 404/323/187
f 404/319/188 403/325/188 384/326/188
f 404/319/189 398/318/189 403/325/189
f 398/318/190 381/314/190 403/325/190
f 403/316/191 402/327/191 384/328/191
f 403/316/192 397/315/192 402/327/192
f 397/315/193 380/329/193 402/327/193
f 402/313/194 400/330/194 384/331/194
f 402/313/195 396/312/195 400/330/195
f 396/312/196 379/308/196 400/330/196
f 400/310/197 401/332/197 384/333/197
f 400/310/198 395/309/198 401/332/198
f 395/309/199 383/320/199 401/332/199
f 386/307/200 399/321/200 383/320/200
f 386/307/201 393/302/201 399/321/201
f 393/302/202 382/317/202 399/321/202
f 394/306/203 398/318/203 382/317/203
f 394/306/204 391/299/204 398/318/204
f 391/299/205 381/314/205 398/318/205
f 392/305/206 397/315/206 381/314/206
f 392/305/207 389/296/207 397/315/207
f 389/296/208 380/329/208 397/315/208
f 390/304/209 396/312/209 380/311/209
f 390/304/210 387/293/210 396/312/210
f 387/293/211 379/308/211 396/312/211
f 388/303/212 395/309/212 379/308/212
f 388/303/213 385/290/213 395/309/213
f 385/290/214 383/320/214 395/309/214
f 393/302/215 394/306/215 382/317/215
f 391/299/218 392/305/218 381/314/218
f 389/296/221 390/334/221 380/329/221
f 387/293/224 388/303/224 379/308/224
f 385/290/227 386/307/227 383/320/227
f 405/308/180 421/309/180 426/310/180
f 406/311/181 422/312/181 428/313/181
f 407/314/182 423/315/182 429/316/182
f 408/317/183 424/318/183 430/319/183
f 409/320/184 425/321/184 427/322/184
f 427/322/185 430/323/185 410/324/185
f 427/322/186 425/321/186 430/323/186
f 425/321/187 408/317/187 430/323/187
f 430/319/188 429/325/188 410/326/188
f 430/319/189 424/318/189 429/325/189
f 424/318/190 407/314/190 429/325/190
f 429/316/191 428/327/191 410/328/191
f 429/316/192 423/315/192 428/327/192
f 423/315/193 406/329/193 428/327/193
f 428/313/194 426/330/194 410/331/194
f 428/313/195 422/312/195 426/330/195
f 422/312/196 405/308/196 426/330/196
f 426/310/197 427/332/197 410/333/197
f 426/310/198 421/309/198 427/332/198
f 421/309/199 409/320/199 427/332/199
f 412/307/200 425/321/200 409/320/200
f 412/307/201 419/302/201 425/321/201
f 419/302/202 408/317/202 425/321/202
f 420/306/203 424/318/203 408/317/203
f 420/306/204 417/299/204 424/318/204
f 417/299/205 407/314/205 424/318/205
f 418/305/206 423/315/206 407/314/206
f 418/305/207 415/296/207 423/315/207
f 415/296/208 406/329/208 423/315/208
f 416/304/209 422/312/209 406/311/209
f 416/304/210 413/293/210 422/312/210
f 413/293/211 405/308/211 422/312/211
f 414/303/212 421/309/212 405/308/212
f 414/303/213 411/290/213 421/309/213
f 411/290/214 409/320/214 421/309/214
f 419/302/215 420/306/215 408/317/215
f 417/299/218 418/305/218 407/314/218
f 415/296/221 416/334/221 406/329/221
f 413/293/224 414/303/224 405/308/224
f 411/290/227 412/307/227 409/320/227
f 431/275/165 444/276/165 443/277/165
f 432/278/166 444/279/166 446/280/166
f 431/281/167 443/282/167 448/283/167
f 431/284/168 448/285/168 450/286/168
f 431/287/169 450/288/169 447/289/169
f 432/278/170 446/280/170 453/290/170
f 433/291/171 445/292/171 455/293/171
f 434/294/172 449/295/172 457/296/172
f 435/297/173 451/298/173 459/299/173
f 436/300/174 452/301/174 461/302/174
f 432/278/175 453/290/175 456/303/175
f 433/291/176 455/293/176 458/304/176
f 434/294/177 457/296/177 460/305/177
f 435/297/178 459/299/178 462/306/178
f 436/300/179 461/302/179 454/307/179
f 437/308/180 463/309/180 468/310/180
f 438/311/181 464/312/181 470/313/181
f 439/314/182 465/315/182 471/316/182
f 440/317/183 466/318/183 472/319/183
f 441/320/184 467/321/184 469/322/184
f 469/322/185 472/323/185 442/324/185
f 469/322/186 467/321/186 472/323/186
f 467/321/187 440/317/187 472/323/187
f 472/319/188 471/325/188 442/326/188
f 472/319/189 466/318/189 471/325/189
f 466/318/190 439/314/190 471/325/190
f 471/316/191 470/327/191 442/328/191
f 471/316/192 465/315/192 470/327/192
f 465/315/193 438/329/193 470/327/193
f 470/313/194 468/330/194 442/331/194
f 470/313/195 464/312/195 468/330/195
f 464/312/196 437/308/196 468/330/196
f 468/310/197 469/332/197 442/333/197
f 468/310/198 463/309/198 469/332/198
f 463/309/199 441/320/199 469/332/199
f 454/307/200 467/321/200 441/320/200
f 454/307/201 461/302/201 467/321/201
f 461/302/202 440/317/202 467/321/202
f 462/306/203 466/318/203 440/317/203
f 462/306/204 459/299/204 466/318/204
f 459/299/205 439/314/205 466/318/205
f 460/305/206 465/315/206 439/314/206
f 460/305/207 457/296/207 465/315/207
f 457/296/208 438/329/208 465/315/208
f 458/304/209 464/312/209 438/311/209
f 458/304/210 455/293/210 464/312/210
f 455/293/211 437/308/211 464/312/211
f 456/303/212 463/309/212 437/308/212
f 456/303/213 453/290/213 463/309/213
f 453/290/214 441/320/214 463/309/214
f 461/302/215 462/306/215 440/317/215
f 461/302/216 452/301/216 462/306/216
f 452/301/217 435/297/217 462/306/217
f 459/299/218 460/305/218 439/314/218
f 459/299/219 451/298/219 460/305/219
f 451/298/220 434/294/220 460/305/220
f 457/296/221 458/334/221 438/329/221
f 457/296/222 449/295/222 458/334/222
f 449/295/223 433/335/223 458/334/223
f 455/293/224 456/303/224 437/308/224
f 455/293/225 445/292/225 456/303/225
f 445/292/226 432/278/226 456/303/226
f 453/290/227 454/307/227 441/320/227
f 453/290/228 446/280/228 454/307/228
f 446/280/229 436/300/229 454/307/229
f 447/289/230 452/301/230 436/300/230
f 447/289/231 450/288/231 452/301/231
f 450/288/232 435/297/232 452/301/232
f 450/286/233 451/298/233 435/297/233
f 450/286/234 448/285/234 451/298/234
f 448/285/235 434/294/235 451/298/235
f 448/283/236 449/295/236 434/294/236
f 448/283/237 443/282/237 449/295/237
f 443/282/238 433/335/238 449/295/238
f 446/280/239 447/336/239 436/300/239
f 446/280/240 444/279/240 447/336/240
f 444/279/241 431/337/241 447/336/241
f 443/277/242 445/292/242 433/291/242
f 443/277/243 444/276/243 445/292/243
f 444/276/244 432/278/244 445/292/244
f 473/308/180 489/309/180 494/310/180
f 474/311/181 490/312/181 496/313/181
f 475/314/182 491/315/182 497/316/182
f 476/317/183 492/318/183 498/319/183
f 477/320/184 493/321/184 495/322/184
f 495/322/185 498/323/185 478/324/185
f 495/322/186 493/321/186 498/323/186
f 493/321/187 476/317/187 498/323/187
f 498/319/188 497/325/188 478/326/188
f 498/319/189 492/318/189 497/325/189
f 492/318/190 475/314/190 497/325/190
f 497/316/191 496/327/191 478/328/191
f 497/316/192 491/315/192 496/327/192
f 491/315/193 474/329/193 496/327/193
f 496/313/194 494/330/194 478/331/194
f 496/313/195 490/312/195 494/330/195
f 490/312/196 473/308/196 494/330/196
f 494/310/197 495/332/197 478/333/197
f 494/310/198 489/309/198 495/332/198
f 489/309/199 477/320/199 495/332/199
f 480/307/200 493/321/200 477/320/200
f 480/307/201 487/302/201 493/321/201
f 487/302/202 476/317/202 493/321/202
f 488/306/203 492/318/203 476/317/203
f 488/306/204 485/299/204 492/318/204
f 485/299/205 475/314/205 492/318/205
f 486/305/206 491/315/206 475/314/206
f 486/305/207 483/296/207 491/315/207
f 483/296/208 474/329/208 491/315/208
f 484/304/209 490/312/209 474/311/209
f 484/304/210 481/293/210 490/312/210
f 481/293/211 473/308/211 490/312/211
f 482/303/212 489/309/212 473/308/212
f 482/303/213 479/290/213 489/309/213
f 479/290/214 477/320/214 489/309/214
f 487/302/215 488/306/215 476/317/215
f 485/299/218 486/305/218 475/314/218
f 483/296/221 484/334/221 474/329/221
f 481/293/224 482/303/224 473/308/224
f 479/290/227 480/307/227 477/320/227
f 499/308/180 515/309/180 520/310/180
f 500/311/181 516/312/181 522/313/181
f 501/314/182 517/315/182 523/316/182
f 502/317/183 518/318/183 524/319/183
f 503/320/184 519/321/184 521/322/184
f 521/322/185 524/323/185 504/324/185
f 521/322/186 519/321/186 524/323/186
f 519/321/187 502/317/187 524/323/187
f 524/319/188 523/325/188 504/326/188
f 524/319/189 518/318/189 523/325/189
f 518/318/190 501/314/190 523/325/190
f 523/316/191 522/327/191 504/328/191
f 523/316/192 517/315/192 522/327/192
f 517/315/193 500/329/193 522/327/193
f 522/313/194 520/330/194 504/331/194
f 522/313/195 516/312/195 520/330/195
f 516/312/196 499/308/196 520/330/196
f 520/310/197 521/332/197 504/333/197
f 520/310/198 515/309/198 521/332/198
f 515/309/199 503/320/199 521/332/199
f 506/307/200 519/321/200 503/320/200
f 506/307/201 513/302/201 519/321/201
f 513/302/202 502/317/202 519/321/202
f 514/306/203 518/318/203 502/317/203
f 514/306/204 511/299/204 518/318/204
f 511/299/205 501/314/205 518/318/205
f 512/305/206 517/315/206 501/314/206
f 512/305/207 509/296/207 517/315/207
f 509/296/208 500/329/208 517/315/208
f 510/304/209 516/312/209 500/311/209
f 510/304/210 507/293/210 516/312/210
f 507/293/211 499/308/211 516/312/211
f 508/303/212 515/309/212 499/308/212
f 508/303/213 505/290/213 515/309/213
f 505/290/214 503/320/214 515/309/214
f 513/302/215 514/306/215 502/317/215
f 511/299/218 512/305/218 501/314/218
f 509/296/221 510/334/221 500/329/221
f 507/293/224 508/303/224 499/308/224
f 505/290/227 506/307/227 503/320/227
f 525/308/180 541/309/180 546/310/180
f 526/311/181 542/312/181 548/313/181
f 527/314/182 543/315/182 549/316/182
f 528/317/183 544/318/183 550/319/183
f 529/320/184 545/321/184 547/322/184
f 547/322/185 550/323/185 530/324/185
f 547/322/186 545/321/186 550/323/186
f 545/321/187 528/317/187 550/323/187
f 550/319/188 549/325/188 530/326/188
f 550/319/189 544/318/189 549/325/189
f 544/318/190 527/314/190 549/325/190
f 549/316/191 548/327/191 530/328/191
f 549/316/192 543/315/192 548/327/192
f 543/315/193 526/329/193 548/327/193
f 548/313/194 546/330/194 530/331/194
f 548/313/195 542/312/195 546/330/195
f 542/312/196 525/308/196 546/330/196
f 546/310/197 547/332/197 530/333/197
f 546/310/198 541/309/198 547/332/198
f 541/309/199 529/320/199 547/332/199
f 532/307/200 545/321/200 529/320/200
f 532/307/201 539/302/201 545/321/201
f 539/302/202 528/317/202 545/321/202
f 540/306/203 544/318/203 528/317/203
f 540/306/204 537/299/204 544/318/204
f 537/299/205 527/314/205 544/318/205
f 538/305/206 543/315/206 527/314/206
f 538/305/207 535/296/207 543/315/207
f 535/296/208 526/329/208 543/315/208
f 536/304/209 542/312/209 526/311/209
f 536/304/210 533/293/210 542/312/210
f 533/293/211 525/308/211 542/312/211
f 534/303/212 541/309/212 525/308/212
f 534/303/213 531/290/213 541/309/213
f 531/290/214 529/320/214 541/309/214
f 539/302/215 540/306/215 528/317/215
f 537/299/218 538/305/218 527/314/218
f 535/296/221 536/334/221 526/329/221
f 533/293/224 534/303/224 525/308/224
f 531/290/227 532/307/227 529/320/227
f 551/275/165 564/276/165 563/277/165
f 552/278/166 564/279/166 566/280/166
f 551/281/167 563/282/167 568/283/167
f 551/284/168 568/285/168 570/286/168
f 551/287/169 570/288/169 567/289/169
f 552/278/170 566/280/170 573/290/170
f 553/291/171 565/292/171 575/293/171
f 554/294/172 569/295/172 577/296/172
f 555/297/173 571/298/173 579/299/173
f 556/300/174 572/301/174 581/302/174
f 552/278/175 573/290/175 576/303/175
f 553/291/176 575/293/176 578/304/176
f 554/294/177 577/296/177 580/305/177
f 555/297/178 579/299/178 582/306/178
f 556/300/179 581/302/179 574/307/179
f 557/308/180 583/309/180 588/310/180
f 558/311/181 584/312/181 590/313/181
f 559/314/182 585/315/182 591/316/182
f 560/317/183 586/318/183 592/319/183
f 561/320/184 587/321/184 589/322/184
f 589/322/185 592/323/185 562/324/185
f 589/322/186 587/321/186 592/323/186
f 587/321/187 560/317/187 592/323/187
f 592/319/188 591/325/188 562/326/188
f 592/319/189 586/318/189 591/325/189
f 586/318/190 559/314/190 591/325/190
f 591/316/191 590/327/191 562/328/191
f 591/316/192 585/315/192 590/327/192
f 585/315/193 558/329/193 590/327/193
f 590/313/194 588/330/194 562/331/194
f 590/313/195 584/312/195 588/330/195
f 584/312/196 557/308/196 588/330/196
f 588/310/197 589/332/197 562/333/197
f 588/310/198 583/309/198 589/332/198
f 583/309/199 561/320/199 589/332/199
f 574/307/200 587/321/200 561/320/200
f 574/307/201 581/302/201 587/321/201
f 581/302/202 560/317/202 587/321/202
f 582/306/203 586/318/203 560/317/203
f 582/306/204 579/299/204 586/318/204
f 579/299/205 559/314/205 586/318/205
f 580/305/206 585/315/206 559/314/206
f 580/305/207 577/296/207 585/315/207
f 577/296/208 558/329/208 585/315/208
f 578/304/209 584/312/209 558/311/209
f 578/304/210 575/293/210 584/312/210
f 575/293/211 557/308/211 584/312/211
f 576/303/212 583/309/212 557/308/212
f 576/303/213 573/290/213 583/309/213
f 573/290/214 561/320/214 583/309/214
f 581/302/215 582/306/215 560/317/215
f 581/302/216 572/301/216 582/306/216
f 572/301/217 555/297/217 582/306/217
f 579/299/218 580/305/218 559/314/218
f 579/299/219 571/298/219 580/305/219
f 571/298/220 554/294/220 580/305/220
f 577/296/221 578/334/221 558/329/221
f 577/296/222 569/295/222 578/334/222
f 569/295/223 553/335/223 578/334/223
f 575/293/224 576/303/224 557/308/224
f 575/293/225 565/292/225 576/303/225
f 565/292/226 552/278/226 576/303/226
f 573/290/227 574/307/227 561/320/227
f 573/290/228 566/280/228 574/307/228
f 566/280/229 556/300/229 574/307/229
f 567/289/230 572/301/230 556/300/230
f 567/289/231 570/288/231 572/301/231
f 570/288/232 555/297/232 572/301/232
f 570/286/233 571/298/233 555/297/233
f 570/286/234 568/285/234 571/298/234
f 568/285/235 554/294/235 571/298/235
f 568/283/236 569/295/236 554/294/236
f 568/283/237 563/282/237 569/295/237
f 563/282/238 553/335/238 569/295/238
f 566/280/239 567/336/239 556/300/239
f 566/280/240 564/279/240 567/336/240
f 564/279/241 551/337/241 567/336/241
f 563/277/242 565/292/242 553/291/242
f 563/277/243 564/276/243 565/292/243
f 564/276/244 552/278/244 565/292/244
f 593/308/180 609/309/180 614/310/180
f 594/311/181 610/312/181 616/313/181
f 595/314/182 611/315/182 617/316/182
f 596/317/183 612/318/183 618/319/183
f 597/320/184 613/321/184 615/322/184
f 615/322/185 618/323/185 598/324/185
f 615/322/186 613/321/186 618/323/186
f 613/321/187 596/317/187 618/323/187
f 618/319/188 617/325/188 598/326/188
f 618/319/189 612/318/189 617/325/189
f 612/318/190 595/314/190 617/325/190
f 617/316/191 616/327/191 598/328/191
f 617/316/192 611/315/192 616/327/192
f 611/315/193 594/329/193 616/327/193
f 616/313/194 614/330/194 598/331/194
f 616/313/195 610/312/195 614/330/195
f 610/312/196 593/308/196 614/330/196
f 614/310/197 615/332/197 598/333/197
f 614/310/198 609/309/198 615/332/198
f 609/309/199 597/320/199 615/332/199
f 600/307/200 613/321/200 597/320/200
f 600/307/201 607/302/201 613/321/201
f 607/302/202 596/317/202 613/321/202
f 608/306/203 612/318/203 596/317/203
f 608/306/204 605/299/204 612/318/204
f 605/299/205 595/314/205 612/318/205
f 606/305/206 611/315/206 595/314/206
f 606/305/207 603/296/207 611/315/207
f 603/296/208 594/329/208 611/315/208
f 604/304/209 610/312/209 594/311/209
f 604/304/210 601/293/210 610/312/210
f 601/293/211 593/308/211 610/312/211
f 602/303/212 609/309/212 593/308/212
f 602/303/213 599/290/213 609/309/213
f 599/290/214 597/320/214 609/309/214
f 607/302/215 608/306/215 596/317/215
f 605/299/218 606/305/218 595/314/218
f 603/296/221 604/334/221 594/329/221
f 601/293/224 602/303/224 593/308/224
f 599/290/227 600/307/227 597/320/227
f 619/308/180 635/309/180 640/310/180
f 620/311/181 636/312/181 642/313/181
f 621/314/182 637/315/182 643/316/182
f 622/317/183 638/318/183 644/319/183
f 623/320/184 639/321/184 641/322/184
f 641/322/185 644/323/185 624/324/185
f 641/322/186 639/321/186 644/323/186
f 639/321/187 622/317/187 644/323/187
f 644/319/188 643/325/188 624/326/188
f 644/319/189 638/318/189 643/325/189
f 638/318/190 621/314/190 643/325/190
f 643/316/191 642/327/191 624/328/191
f 643/316/192 637/315/192 642/327/192
f 637/315/193 620/329/193 642/327/193
f 642/313/194 640/330/194 624/331/194
f 642/313/195 636/312/195 640/330/195
f 636/312/196 619/308/196 640/330/196
f 640/310/197 641/332/197 624/333/197
f 640/310/198 635/309/198 641/332/198
f 635/309/199 623/320/199 641/332/199
f 626/307/200 639/321/200 623/320/200
f 626/307/201 633/302/201 639/321/201
f 633/302/202 622/317/202 639/321/202
f 634/306/203 638/318/203 622/317/203
f 634/306/204 631/299/204 638/318/204
f 631/299/205 621/314/205 638/318/205
f 632/305/206 637/315/206 621/314/206
f 632/305/207 629/296/207 637/315/207
f 629/296/208 620/329/208 637/315/208
f 630/304/209 636/312/209 620/311/209
f 630/304/210 627/293/210 636/312/210
f 627/293/211 619/308/211 636/312/211
f 628/303/212 635/309/212 619/308/212
f 628/303/213 625/290/213 635/309/213
f 625/290/214 623/320/214 635/309/214
f 633/302/215 634/306/215 622/317/215
f 631/299/218 632/305/218 621/314/218
f 629/296/221 630/334/221 620/329/221
f 627/293/224 628/303/224 619/308/224
f 625/290/227 626/307/227 623/320/227
f 645/308/180 661/309/180 666/310/180
f 646/311/181 662/312/181 668/313/181
f 647/314/182 663/315/182 669/316/182
f 648/317/183 664/318/183 670/319/183
f 649/320/184 665/321/184 667/322/184
f 667/322/185 670/323/185 650/324/185
f 667/322/186 665/321/186 670/323/186
f 665/321/187 648/317/187 670/323/187
f 670/319/188 669/325/188 650/326/188
f 670/319/189 664/318/189 669/325/189
f 664/318/190 647/314/190 669/325/190
f 669/316/191 668/327/191 650/328/191
f 669/316/192 663/315/192 668/327/192
f 663/315/193 646/329/193 668/327/193
f 668/313/194 666/330/194 650/331/194
f 668/313/195 662/312/195 666/330/195
f 662/312/196 645/308/196 666/330/196
f 666/310/197 667/332/197 650/333/197
f 666/310/198 661/309/198 667/332/198
f 661/309/199 649/320/199 667/332/199
f 652/307/200 665/321/200 649/320/200
f 652/307/201 659/302/201 665/321/201
f 659/302/202 648/317/202 665/321/202
f 660/306/203 664/318/203 648/317/203
f 660/306/204 657/299/204 664/318/204
f 657/299/205 647/314/205 664/318/205
f 658/305/206 663/315/206 647/314/206
f 658/305/207 655/296/207 663/315/207
f 655/296/208 646/329/208 663/315/208
f 656/304/209 662/312/209 646/311/209
f 656/304/210 653/293/210 662/312/210
f 653/293/211 645/308/211 662/312/211
f 654/303/212 661/309/212 645/308/212
f 654/303/213 651/290/213 661/309/213
f 651/290/214 649/320/214 661/309/214
f 659/302/215 660/306/215 648/317/215
f 657/299/218 658/305/218 647/314/218
f 655/296/221 656/334/221 646/329/221
f 653/293/224 654/303/224 645/308/224
f 651/290/227 652/307/227 649/320/227
f 671/308/180 687/309/180 692/310/180
f 672/311/181 688/312/181 694/313/181
f 673/314/182 689/315/182 695/316/182
f 674/317/183 690/318/183 696/319/183
f 675/320/184 691/321/184 693/322/184
f 693/322/185 696/323/185 676/324/185
f 693/322/186 691/321/186 696/323/186
f 691/321/187 674/317/187 696/323/187
f 696/319/188 695/325/188 676/326/188
f 696/319/189 690/318/189 695/325/189
f 690/318/190 673/314/190 695/325/190
f 695/316/191 694/327/191 676/328/191
f 695/316/192 689/315/192 694/327/192
f 689/315/193 672/329/193 694/327/193
f 694/313/194 692/330/194 676/331/194
f 694/313/195 688/312/195 692/330/195
f 688/312/196 671/308/196 692/330/196
f 692/310/197 693/332/197 676/333/197
f 692/310/198 687/309/198 693/332/198
f 687/309/199 675/320/199 693/332/199
f 678/307/200 691/321/200 675/320/200
f 678/307/201 685/302/201 691/321/201
f 685/302/202 674/317/202 691/321/202
f 686/306/203 690/318/203 674/317/203
f 686/306/204 683/299/204 690/318/204
f 683/299/205 673/314/205 690/318/205
f 684/305/206 689/315/206 673/314/206
f 684/305/207 681/296/207 689/315/207
f 681/296/208 672/329/208 689/315/208
f 682/304/209 688/312/209 672/311/209
f 682/304/210 679/293/210 688/312/210
f 679/293/211 671/308/211 688/312/211
f 680/303/212 687/309/212 671/308/212
f 680/303/213 677/290/213 687/309/213
f 677/290/214 675/320/214 687/309/214
f 685/302/215 686/306/215 674/317/215
f 683/299/218 684/305/218 673/314/218
f 681/296/221 682/334/221 672/329/221
f 679/293/224 680/303/224 671/308/224
f 677/290/227 678/307/227 675/320/227
f 697/275/165 710/276/165 709/277/165
f 698/278/166 710/279/166 712/280/166
f 697/281/167 709/282/167 714/283/167
f 697/284/168 714/285/168 716/286/168
f 697/287/169 716/288/169 713/289/169
f 698/278/170 712/280/170 719/290/170
f 699/291/171 711/292/171 721/293/171
f 700/294/172 715/295/172 723/296/172
f 701/297/173 717/298/173 725/299/173
f 702/300/174 718/301/174 727/302/174
f 698/278/175 719/290/175 722/303/175
f 699/291/176 721/293/176 724/304/176
f 700/294/177 723/296/177 726/305/177
f 701/297/178 725/299/178 728/306/178
f 702/300/179 727/302/179 720/307/179
f 703/308/180 729/309/180 734/310/180
f 704/311/181 730/312/181 736/313/181
f 705/314/182 731/315/182 737/316/182
f 706/317/183 732/318/183 738/319/183
f 707/320/184 733/321/184 735/322/184
f 735/322/185 738/323/185 708/324/185
f 735/322/186 733/321/186 738/323/186
f 733/321/187 706/317/187 738/323/187
f 738/319/188 737/325/188 708/326/188
f 738/319/189 732/318/189 737/325/189
f 732/318/190 705/314/190 737/325/190
f 737/316/191 736/327/191 708/328/191
f 737/316/192 731/315/192 736/327/192
f 731/315/193 704/329/193 736/327/193
f 736/313/194 734/330/194 708/331/194
f 736/313/195 730/312/195 734/330/195
f 730/312/196 703/308/196 734/330/196
f 734/310/197 735/332/197 708/333/197
f 734/310/198 729/309/198 735/332/198
f 729/309/199 707/320/199 735/332/199
f 720/307/200 733/321/200 707/320/200
f 720/307/201 727/302/201 733/321/201
f 727/302/202 706/317/202 733/321/202
f 728/306/203 732/318/203 706/317/203
f 728/306/204 725/299/204 732/318/204
f 725/299/205 705/314/205 732/318/205
f 726/305/206 731/315/206 705/314/206
f 726/305/207 723/296/207 731/315/207
f 723/296/208 704/329/208 731/315/208
f 724/304/209 730/312/209 704/311/209
f 724/304/210 721/293/210 730/312/210
f 721/293/211 703/308/211 730/312/211
f 722/303/212 729/309/212 703/308/212
f 722/303/213 719/290/213 729/309/213
f 719/290/214 707/320/214 729/309/214
f 727/302/215 728/306/215 706/317/215
f 727/302/216 718/301/216 728/306/216
f 718/301/217 701/297/217 728/306/217
f 725/299/218 726/305/218 705/314/218
f 725/299/219 717/298/219 726/305/219
f 717/298/220 700/294/220 726/305/220
f 723/296/221 724/334/221 704/329/221
f 723/296/222 715/295/222 724/334/222
f 715/295/223 699/335/223 724/334/223
f 721/293/224 722/303/224 703/308/224
f 721/293/225 711/292/225 722/303/225
f 711/292/226 698/278/226 722/303/226
f 719/290/227 720/307/227 707/320/227
f 719/290/228 712/280/228 720/307/228
f 712/280/229 702/300/229 720/307/229
f 713/289/230 718/301/230 702/300/230
f 713/289/231 716/288/231 718/301/231
f 716/288/232 701/297/232 718/301/232
f 716/286/233 717/298/233 701/297/233
f 716/286/234 714/285/234 717/298/234
f 714/285/235 700/294/235 717/298/235
f 714/283/236 715/295/236 700/294/236
f 714/283/237 709/282/237 715/295/237
f 709/282/238 699/335/238 715/295/238
f 712/280/239 713/336/239 702/300/239
f 712/280/240 710/279/240 713/336/240
f 710/279/241 697/337/241 713/336/241
f 709/277/242 711/292/242 699/291/242
f 709/277/243 710/276/243 711/292/243
f 710/276/244 698/278/244 711/292/244
f 739/308/180 755/309/180 760/310/180
f 740/311/181 756/312/181 762/313/181
f 741/314/182 757/315/182 763/316/182
f 742/317/183 758/318/183 764/319/183
f 743/320/184 759/321/184 761/322/184
f 761/322/185 764/323/185 744/324/185
f 761/322/186 759/321/186 764/323/186
f 759/321/187 742/317/187 764/323/187
f 764/319/188 763/325/188 744/326/188
f 764/319/189 758/318/189 763/325/189
f 758/318/190 741/314/190 763/325/190
f 763/316/191 762/327/191 744/328/191
f 763/316/192 757/315/192 762/327/192
f 757/315/193 740/329/193 762/327/193
f 762/313/194 760/330/194 744/331/194
f 762/313/195 756/312/195 760/330/195
f 756/312/196 739/308/196 760/330/196
f 760/310/197 761/332/197 744/333/197
f 760/310/198 755/309/198 761/332/198
f 755/309/199 743/320/199 761/332/199
f 746/307/200 759/321/200 743/320/200
f 746/307/201 753/302/201 759/321/201
f 753/302/202 742/317/202 759/321/202
f 754/306/203 758/318/203 742/317/203
f 754/306/204 751/299/204 758/318/204
f 751/299/205 741/314/205 758/318/205
f 752/305/206 757/315/206 741/314/206
f 752/305/207 749/296/207 757/315/207
f 749/296/208 740/329/208 757/315/208
f 750/304/209 756/312/209 740/311/209
f 750/304/210 747/293/210 756/312/210
f 747/293/211 739/308/211 756/312/211
f 748/303/212 755/309/212 739/308/212
f 748/303/213 745/290/213 755/309/213
f 745/290/214 743/320/214 755/309/214
f 753/302/215 754/306/215 742/317/215
f 751/299/218 752/305/218 741/314/218
f 749/296/221 750/334/221 740/329/221
f 747/293/224 748/303/224 739/308/224
f 745/290/227 746/307/227 743/320/227
f 765/308/180 781/309/180 786/310/180
f 766/311/181 782/312/181 788/313/181
f 767/314/182 783/315/182 789/316/182
f 768/317/183 784/318/183 790/319/183
f 769/320/184 785/321/184 787/322/184
f 787/322/185 790/323/185 770/324/185
f 787/322/186 785/321/186 790/323/186
f 785/321/187 768/317/187 790/323/187
f 790/319/188 789/325/188 770/326/188
f 790/319/189 784/318/189 789/325/189
f 784/318/190 767/314/190 789/325/190
f 789/316/191 788/327/191 770/328/191
f 789/316/192 783/315/192 788/327/192
f 783/315/193 766/329/193 788/327/193
f 788/313/194 786/330/194 770/331/194
f 788/313/195 782/312/195 786/330/195
f 782/312/196 765/308/196 786/330/196
f 786/310/197 787/332/197 770/333/197
f 786/310/198 781/309/198 787/332/198
f 781/309/199 769/320/199 787/332/199
f 772/307/200 785/321/200 769/320/200
f 772/307/201 779/302/201 785/321/201
f 779/302/202 768/317/202 785/321/202
f 780/306/203 784/318/203 768/317/203
f 780/306/204 777/299/204 784/318/204
f 777/299/205 767/314/205 784/318/205
f 778/305/206 783/315/206 767/314/206
f 778/305/207 775/296/207 783/315/207
f 775/296/208 766/329/208 783/315/208
f 776/304/209 782/312/209 766/311/209
f 776/304/210 773/293/210 782/312/210
f 773/293/211 765/308/211 782/312/211
f 774/303/212 781/309/212 765/308/212
f 774/303/213 771/290/213 781/309/213
f 771/290/214 769/320/214 781/309/214
f 779/302/215 780/306/215 768/317/215
f 777/299/218 778/305/218 767/314/218
f 775/296/221 776/334/221 766/329/221
f 773/293/224 774/303/224 765/308/224
f 771/290/227 772/307/227 769/320/227
f 791/308/180 807/309/180 812/310/180
f 792/311/181 808/312/181 814/313/181
f 793/314/182 809/315/182 815/316/182
f 794/317/183 810/318/183 816/319/183
f 795/320/184 811/321/184 813/322/184
f 813/322/185 816/323/185 796/324/185
f 813/322/186 811/321/186 816/323/186
f 811/321/187 794/317/187 816/323/187
f 816/319/188 815/325/188 796/326/188
f 816/319/189 810/318/189 815/325/189
f 810/318/190 793/314/190 815/325/190
f 815/316/191 814/327/191 796/328/191
f 815/316/192 809/315/192 814/327/192
f 809/315/193 792/329/193 814/327/193
f 814/313/194 812/330/194 796/331/194
f 814/313/195 808/312/195 812/330/195
f 808/312/196 791/308/196 812/330/196
f 812/310/197 813/332/197 796/333/197
f 812/310/198 807/309/198 813/332/198
f 807/309/199 795/320/199 813/332/199
f 798/307/200 811/321/200 795/320/200
f 798/307/201 805/302/201 811/321/201
f 805/302/202 794/317/202 811/321/202
f 806/306/203 810/318/203 794/317/203
f 806/306/204 803/299/204 810/318/204
f 803/299/205 793/314/205 810/318/205
f 804/305/206 809/315/206 793/314/206
f 804/305/207 801/296/207 809/315/207
f 801/296/208 792/329/208 809/315/208
f 802/304/209 808/312/209 792/311/209
f 802/304/210 799/293/210 808/312/210
f 799/293/211 791/308/211 808/312/211
f 800/303/212 807/309/212 791/308/212
f 800/303/213 797/290/213 807/309/213
f 797/290/214 795/320/214 807/309/214
f 805/302/215 806/306/215 794/317/215
f 803/299/218 804/305/218 793/314/218
f 801/296/221 802/334/221 792/329/221
f 799/293/224 800/303/224 791/308/224
f 797/290/227 798/307/227 795/320/227
f 817/275/165 830/276/165 829/277/165
f 818/278/166 830/279/166 832/280/166
f 817/281/167 829/282/167 834/283/167
f 817/284/168 834/285/168 836/286/168
f 817/287/169 836/288/169 833/289/169
f 818/278/170 832/280/170 839/290/170
f 819/291/171 831/292/171 841/293/171
f 820/294/172 835/295/172 843/296/172
f 821/297/173 837/298/173 845/299/173
f 822/300/174 838/301/174 847/302/174
f 818/278/175 839/290/175 842/303/175
f 819/291/176 841/293/176 844/304/176
f 820/294/177 843/296/177 846/305/177
f 821/297/178 845/299/178 848/306/178
f 822/300/179 847/302/179 840/307/179
f 823/308/180 849/309/180 854/310/180
f 824/311/181 850/312/181 856/313/181
f 825/314/182 851/315/182 857/316/182
f 826/317/183 852/318/183 858/319/183
f 827/320/184 853/321/184 855/322/184
f 855/322/185 858/323/185 828/324/185
f 855/322/186 853/321/186 858/323/186
f 853/321/187 826/317/187 858/323/187
f 858/319/188 857/325/188 828/326/188
f 858/319/189 852/318/189 857/325/189
f 852/318/190 825/314/190 857/325/190
f 857/316/191 856/327/191 828/328/191
f 857/316/192 851/315/192 856/327/192
f 851/315/193 824/329/193 856/327/193
f 856/313/194 854/330/194 828/331/194
f 856/313/195 850/312/195 854/330/195
f 850/312/196 823/308/196 854/330/196
f 854/310/197 855/332/197 828/333/197
f 854/310/198 849/309/198 855/332/198
f 849/309/199 827/320/199 855/332/199
f 840/307/200 853/321/200 827/320/200
f 840/307/201 847/302/201 853/321/201
f 847/302/202 826/317/202 853/321/202
f 848/306/203 852/318/203 826/317/203
f 848/306/204 845/299/204 852/318/204
f 845/299/205 825/314/205 852/318/205
f 846/305/206 851/315/206 825/314/206
f 846/305/207 843/296/207 851/315/207
f 843/296/208 824/329/208 851/315/208
f 844/304/209 850/312/209 824/311/209
f 844/304/210 841/293/210 850/312/210
f 841/293/211 823/308/211 850/312/211
f 842/303/212 849/309/212 823/308/212
f 842/303/213 839/290/213 849/309/213
f 839/290/214 827/320/214 849/309/214
f 847/302/215 848/306/215 826/317/215
f 847/302/216 838/301/216 848/306/216
f 838/301/217 821/297/217 848/306/217
f 845/299/218 846/305/218 825/314/218
f 845/299/219 837/298/219 846/305/219
f 837/298/220 820/294/220 846/305/220
f 843/296/221 844/334/221 824/329/221
f 843/296/222 835/295/222 844/334/222
f 835/295/223 819/335/223 844/334/223
f 841/293/224 842/303/224 823/308/224
f 841/293/225 831/292/225 842/303/225
f 831/292/226 818/278/226 842/303/226
f 839/290/227 840/307/227 827/320/227
f 839/290/228 832/280/228 840/307/228
f 832/280/229 822/300/229 840/307/229
f 833/289/230 838/301/230 822/300/230
f 833/289/231 836/288/231 838/301/231
f 836/288/232 821/297/232 838/301/232
f 836/286/233 837/298/233 821/297/233
f 836/286/234 834/285/234 837/298/234
f 834/285/235 820/294/235 837/298/235
f 834/283/236 835/295/236 820/294/236
f 834/283/237 829/282/237 835/295/237
f 829/282/238 819/335/238 835/295/238
f 832/280/239 833/336/239 822/300/239
f 832/280/240 830/279/240 833/336/240
f 830/279/241 817/337/241 833/336/241
f 829/277/242 831/292/242 819/291/242
f 829/277/243 830/276/243 831/292/243
f 830/276/244 818/278/244 831/292/244
f 859/308/180 875/309/180 880/310/180
f 860/311/181 876/312/181 882/313/181
f 861/314/182 877/315/182 883/316/182
f 862/317/183 878/318/183 884/319/183
f 863/320/184 879/321/184 881/322/184
f 881/322/185 884/323/185 864/324/185
f 881/322/186 879/321/186 884/323/186
f 879/321/187 862/317/187 884/323/187
f 884/319/188 883/325/188 864/326/188
f 884/319/189 878/318/189 883/325/189
f 878/318/190 861/314/190 883/325/190
f 883/316/191 882/327/191 864/328/191
f 883/316/192 877/315/192 882/327/192
f 877/315/193 860/329/193 882/327/193
f 882/313/194 880/330/194 864/331/194
f 882/313/195 876/312/195 880/330/195
f 876/312/196 859/308/196 880/330/196
f 880/310/197 881/332/197 864/333/197
f 880/310/198 875/309/198 881/332/198
f 875/309/199 863/320/199 881/332/199
f 866/307/200 879/321/200 863/320/200
f 866/307/201 873/302/201 879/321/201
f 873/302/202 862/317/202 879/321/202
f 874/306/203 878/318/203 862/317/203
f 874/306/204 871/299/204 878/318/204
f 871/299/205 861/314/205 878/318/205
f 872/305/206 877/315/206 861/314/206
f 872/305/207 869/296/207 877/315/207
f 869/296/208 860/329/208 877/315/208
f 870/304/209 876/312/209 860/311/209
f 870/304/210 867/293/210 876/312/210
f 867/293/211 859/308/211 876/312/211
f 868/303/212 875/309/212 859/308/212
f 868/303/213 865/290/213 875/309/213
f 865/290/214 863/320/214 875/309/214
f 873/302/215 874/306/215 862/317/215
f 871/299/218 872/305/218 861/314/218
f 869/296/221 870/334/221 860/329/221
f 867/293/224 868/303/224 859/308/224
f 865/290/227 866/307/227 863/320/227
f 885/308/180 901/309/180 906/310/180
f 886/311/181 902/312/181 908/313/181
f 887/314/182 903/315/182 909/316/182
f 888/317/183 904/318/183 910/319/183
f 889/320/184 905/321/184 907/322/184
f 907/322/185 910/323/185 890/324/185
f 907/322/186 905/321/186 910/323/186
f 905/321/187 888/317/187 910/323/187
f 910/319/188 909/325/188 890/326/188
f 910/319/189 904/318/189 909/325/189
f 904/318/190 887/314/190 909/325/190
f 909/316/191 908/327/191 890/328/191
f 909/316/192 903/315/192 908/327/192
f 903/315/193 886/329/193 908/327/193
f 908/313/194 906/330/194 890/331/194
f 908/313/195 902/312/195 906/330/195
f 902/312/196 885/308/196 906/330/196
f 906/310/197 907/332/197 890/333/197
f 906/310/198 901/309/198 907/332/198
f 901/309/199 889/320/199 907/332/199
f 892/307/200 905/321/200 889/320/200
f 892/307/201 899/302/201 905/321/201
f 899/302/202 888/317/202 905/321/202
f 900/306/203 904/318/203 888/317/203
f 900/306/204 897/299/204 904/318/204
f 897/299/205 887/314/205 904/318/205
f 898/305/206 903/315/206 887/314/206
f 898/305/207 895/296/207 903/315/207
f 895/296/208 886/329/208 903/315/208
f 896/304/209 902/312/209 886/311/209
f 896/304/210 893/293/210 902/312/210
f 893/293/211 885/308/211 902/312/211
f 894/303/212 901/309/212 885/308/212
f 894/303/213 891/290/213 901/309/213
f 891/290/214 889/320/214 901/309/214
f 899/302/215 900/306/215 888/317/215
f 897/299/218 898/305/218 887/314/218
f 895/296/221 896/334/221 886/329/221
f 893/293/224 894/303/224 885/308/224
f 891/290/227 892/307/227 889/320/227
f 911/308/180 927/309/180 932/310/180
f 912/311/181 928/312/181 934/313/181
f 913/314/182 929/315/182 935/316/182
f 914/317/183 930/318/183 936/319/183
f 915/320/184 931/321/184 933/322/184
f 933/322/185 936/323/185 916/324/185
f 933/322/186 931/321/186 936/323/186
f 931/321/187 914/317/187 936/323/187
f 936/319/188 935/325/188 916/326/188
f 936/319/189 930/318/189 935/325/189
f 930/318/190 913/314/190 935/325/190
f 935/316/191 934/327/191 916/328/191
f 935/316/192 929/315/192 934/327/192
f 929/315/193 912/329/193 934/327/193
f 934/313/194 932/330/194 916/331/194
f 934/313/195 928/312/195 932/330/195
f 928/312/196 911/308/196 932/330/196
f 932/310/197 933/332/197 916/333/197
f 932/310/198 927/309/198 933/332/198
f 927/309/199 915/320/199 933/332/199
f 918/307/200 931/321/200 915/320/200
f 918/307/201 925/302/201 931/321/201
f 925/302/202 914/317/202 931/321/202
f 926/306/203 930/318/203 914/317/203
f 926/306/204 923/299/204 930/318/204
f 923/299/205 913/314/205 930/318/205
f 924/305/206 929/315/206 913/314/206
f 924/305/207 921/296/207 929/315/207
f 921/296/208 912/329/208 929/315/208
f 922/304/209 928/312/209 912/311/209
f 922/304/210 919/293/210 928/312/210
f 919/293/211 911/308/211 928/312/211
f 920/303/212 927/309/212 911/308/212
f 920/303/213 917/290/213 927/309/213
f 917/290/214 915/320/214 927/309/214
f 925/302/215 926/306/215 914/317/215
f 923/299/218 924/305/218 913/314/218
f 921/296/221 922/334/221 912/329/221
f 919/293/224 920/303/224 911/308/224
f 917/290/227 918/307/227 915/320/227
f 937/308/180 953/309/180 958/310/180
f 938/311/181 954/312/181 960/313/181
f 939/314/182 955/315/182 961/316/182
f 940/317/183 956/318/183 962/319/183
f 941/320/184 957/321/184 959/322/184
f 959/322/185 962/323/185 942/324/185
f 959/322/186 957/321/186 962/323/186
f 957/321/187 940/317/187 962/323/187
f 962/319/188 961/325/188 942/326/188
f 962/319/189 956/318/189 961/325/189
f 956/318/190 939/314/190 961/325/190
f 961/316/191 960/327/191 942/328/191
f 961/316/192 955/315/192 960/327/192
f 955/315/193 938/329/193 960/327/193
f 960/313/194 958/330/194 942/331/194
f 960/313/195 954/312/195 958/330/195
f 954/312/196 937/308/196 958/330/196
f 958/310/197 959/332/197 942/333/197
f 958/310/198 953/309/198 959/332/198
f 953/309/199 941/320/199 959/332/199
f 944/307/200 957/321/200 941/320/200
f 944/307/201 951/302/201 957/321/201
f 951/302/202 940/317/202 957/321/202
f 952/306/203 956/318/203 940/317/203
f 952/306/204 949/299/204 956/318/204
f 949/299/205 939/314/205 956/318/205
f 950/305/206 955/315/206 939/314/206
f 950/305/207 947/296/207 955/315/207
f 947/296/208 938/329/208 955/315/208
f 948/304/209 954/312/209 938/311/209
f 948/304/210 945/293/210 954/312/210
f 945/293/211 937/308/211 954/312/211
f 946/303/212 953/309/212 937/308/212
f 946/303/213 943/290/213 953/309/213
f 943/290/214 941/320/214 953/309/214
f 951/302/215 952/306/215 940/317/215
f 949/299/218 950/305/218 939/314/218
f 947/296/221 948/334/221 938/329/221
f 945/293/224 946/303/224 937/308/224
f 943/290/227 944/307/227 941/320/227
f 963/275/165 976/276/165 975/277/165
f 964/278/166 976/279/166 978/280/166
f 963/281/167 975/282/167 980/283/167
f 963/284/168 980/285/168 982/286/168
f 963/287/169 982/288/169 979/289/169
f 964/278/170 978/280/170 985/290/170
f 965/291/171 977/292/171 987/293/171
f 966/294/172 981/295/172 989/296/172
f 967/297/173 983/298/173 991/299/173
f 968/300/174 984/301/174 993/302/174
f 964/278/175 985/290/175 988/303/175
f 965/291/176 987/293/176 990/304/176
f 966/294/177 989/296/177 992/305/177
f 967/297/178 991/299/178 994/306/178
f 968/300/179 993/302/179 986/307/179
f 969/308/180 995/309/180 1000/310/180
f 970/311/181 996/312/181 1002/313/181
f 971/314/182 997/315/182 1003/316/182
f 972/317/183 998/318/183 1004/319/183
f 973/320/184 999/321/184 1001/322/184
f 1001/322/185 1004/323/185 974/324/185
f 1001/322/186 999/321/186 1004/323/186
f 999/321/187 972/317/187 1004/323/187
f 1004/319/188 1003/325/188 974/326/188
f 1004/319/189 998/318/189 1003/325/189
f 998/318/190 971/314/190 1003/325/190
f 1003/316/191 1002/327/191 974/328/191
f 1003/316/192 997/315/192 1002/327/192
f 997/315/193 970/329/193 1002/327/193
f 1002/313/194 1000/330/194 974/331/194
f 1002/313/195 996/312/195 1000/330/195
f 996/312/196 969/308/196 1000/330/196
f 1000/310/197 1001/332/197 974/333/197
f 1000/310/198 995/309/198 1001/332/198
f 995/309/199 973/320/199 1001/332/199
f 986/307/200 999/321/200 973/320/200
f 986/307/201 993/302/201 999/321/201
f 993/302/202 972/317/202 999/321/202
f 994/306/203 998/318/203 972/317/203
f 994/306/204 991/299/204 998/318/204
f 991/299/205 971/314/205 998/318/205
f 992/305/206 997/315/206 971/314/206
f 992/305/207 989/296/207 997/315/207
f 989/296/208 970/329/208 997/315/208
f 990/304/209 996/312/209 970/311/209
f 990/304/210 987/293/210 996/312/210
f 987/293/211 969/308/211 996/312/211
f 988/303/212 995/309/212 969/308/212
f 988/303/213 985/290/213 995/309/213
f 985/290/214 973/320/214 995/309/214
f 993/302/215 994/306/215 972/317/215
f 993/302/216 984/301/216 994/306/216
f 984/301/217 967/297/217 994/306/217
f 991/299/218 992/305/218 971/314/218
f 991/299/219 983/298/219 992/305/219
f 983/298/220 966/294/220 992/305/220
f 989/296/221 990/334/221 970/329/221
f 989/296/222 981/295/222 990/334/222
f 981/295/223 965/335/223 990/334/223
f 987/293/224 988/303/224 969/308/224
f 987/293/225 977/292/225 988/303/225
f 977/292/226 964/278/226 988/303/226
f 985/290/227 986/307/227 973/320/227
f 985/290/228 978/280/228 986/307/228
f 978/280/229 968/300/229 986/307/229
f 979/289/230 984/301/230 968/300/230
f 979/289/231 982/288/231 984/301/231
f 982/288/232 967/297/232 984/301/232
f 982/286/233 983/298/233 967/297/233
f 982/286/234 980/285/234 983/298/234
f 980/285/235 966/294/235 983/298/235
f 980/283/236 981/295/236 966/294/236
f 980/283/237 975/282/237 981/295/237
f 975/282/238 965/335/238 981/295/238
f 978/280/239 979/336/239 968/300/239
f 978/280/240 976/279/240 979/336/240
f 976/279/241 963/337/241 979/336/241
f 975/277/242 977/292/242 965/291/242
f 975/277/243 976/276/243 977/292/243
f 976/276/244 964/278/244 977/292/244
f 1005/308/180 1021/309/180 1026/310/180
f 1006/311/181 1022/312/181 1028/313/181
f 1007/314/182 1023/315/182 1029/316/182
f 1008/317/183 1024/318/183 1030/319/183
f 1009/320/184 1025/321/184 1027/322/184
f 1027/322/185 1030/323/185 1010/324/185
f 1027/322/186 1025/321/186 1030/323/186
f 1025/321/187 1008/317/187 1030/323/187
f 1030/319/188 1029/325/188 1010/326/188
f 1030/319/189 1024/318/189 1029/325/189
f 1024/318/190 1007/314/190 1029/325/190
f 1029/316/191 1028/327/191 1010/328/191
f 1029/316/192 1023/315/192 1028/327/192
f 1023/315/193 1006/329/193 1028/327/193
f 1028/313/194 1026/330/194 1010/331/194
f 1028/313/195 1022/312/195 1026/330/195
f 1022/312/196 1005/308/196 1026/330/196
f 1026/310/197 1027/332/197 1010/333/197
f 1026/310/198 1021/309/198 1027/332/198
f 1021/309/199 1009/320/199 1027/332/199
f 1012/307/200 1025/321/200 1009/320/200
f 1012/307/201 1019/302/201 1025/321/201
f 1019/302/202 1008/317/202 1025/321/202
f 1020/306/203 1024/318/203 1008/317/203
f 1020/306/204 1017/299/204 1024/318/204
f 1017/299/205 1007/314/205 1024/318/205
f 1018/305/206 1023/315/206 1007/314/206
f 1018/305/207 1015/296/207 1023/315/207
f 1015/296/208 1006/329/208 1023/315/208
f 1016/304/209 1022/312/209 1006/311/209
f 1016/304/210 1013/293/210 1022/312/210
f 1013/293/211 1005/308/211 1022/312/211
f 1014/303/212 1021/309/212 1005/308/212
f 1014/303/213 1011/290/213 1021/309/213
f 1011/290/214 1009/320/214 1021/309/214
f 1019/302/215 1020/306/215 1008/317/215
f 1017/299/218 1018/305/218 1007/314/218
f 1015/296/221 1016/334/221 1006/329/221
f 1013/293/224 1014/303/224 1005/308/224
f 1011/290/227 1012/307/227 1009/320/227
f 1031/308/180 1047/309/180 1052/310/180
f 1032/311/181 1048/312/181 1054/313/181
f 1033/314/182 1049/315/182 1055/316/182
f 1034/317/183 1050/318/183 1056/319/183
f 1035/320/184 1051/321/184 1053/322/184
f 1053/322/185 1056/323/185 1036/324/185
f 1053/322/186 1051/321/186 1056/323/186
f 1051/321/187 1034/317/187 1056/323/187
f 1056/319/188 1055/325/188 1036/326/188
f 1056/319/189 1050/318/189 1055/325/189
f 1050/318/190 1033/314/190 1055/325/190
f 1055/316/191 1054/327/191 1036/328/191
f 1055/316/192 1049/315/192 1054/327/192
f 1049/315/193 1032/329/193 1054/327/193
f 1054/313/194 1052/330/194 1036/331/194
f 1054/313/195 1048/312/195 1052/330/195
f 1048/312/196 1031/308/196 1052/330/196
f 1052/310/197 1053/332/197 1036/333/197
f 1052/310/198 1047/309/198 1053/332/198
f 1047/309/199 1035/320/199 1053/332/199
f 1038/307/200 1051/321/200 1035/320/200
f 1038/307/201 1045/302/201 1051/321/201
f 1045/302/202 1034/317/202 1051/321/202
f 1046/306/203 1050/318/203 1034/317/203
f 1046/306/204 1043/299/204 1050/318/204
f 1043/299/205 1033/314/205 1050/318/205
f 1044/305/206 1049/315/206 1033/314/206
f 1044/305/207 1041/296/207 1049/315/207
f 1041/296/208 1032/329/208 1049/315/208
f 1042/304/209 1048/312/209 1032/311/209
f 1042/304/210 1039/293/210 1048/312/210
f 1039/293/211 1031/308/211 1048/312/211
f 1040/303/212 1047/309/212 1031/308/212
f 1040/303/213 1037/290/213 1047/309/213
f 1037/290/214 1035/320/214 1047/309/214
f 1045/302/215 1046/306/215 1034/317/215
f 1043/299/218 1044/305/218 1033/314/218
f 1041/296/221 1042/334/221 1032/329/221
f 1039/293/224 1040/303/224 1031/308/224
f 1037/290/227 1038/307/227 1035/320/227
f 1057/308/180 1073/309/180 1078/310/180
f 1058/311/181 1074/312/181 1080/313/181
f 1059/314/182 1075/315/182 1081/316/182
f 1060/317/183 1076/318/183 1082/319/183
f 1061/320/184 1077/321/184 1079/322/184
f 1079/322/185 1082/323/185 1062/324/185
f 1079/322/186 1077/321/186 1082/323/186
f 1077/321/187 1060/317/187 1082/323/187
f 1082/319/188 1081/325/188 1062/326/188
f 1082/319/189 1076/318/189 1081/325/189
f 1076/318/190 1059/314/190 1081/325/190
f 1081/316/191 1080/327/191 1062/328/191
f 1081/316/192 1075/315/192 1080/327/192
f 1075/315/193 1058/329/193 1080/327/193
f 1080/313/194 1078/330/194 1062/331/194
f 1080/313/195 1074/312/195 1078/330/195
f 1074/312/196 1057/308/196 1078/330/196
f 1078/310/197 1079/332/197 1062/333/197
f 1078/310/198 1073/309/198 1079/332/198
f 1073/309/199 1061/320/199 1079/332/199
f 1064/307/200 1077/321/200 1061/320/200
f 1064/307/201 1071/302/201 1077/321/201
f 1071/302/202 1060/317/202 1077/321/202
f 1072/306/203 1076/318/203 1060/317/203
f 1072/306/204 1069/299/204 1076/318/204
f 1069/299/205 1059/314/205 1076/318/205
f 1070/305/206 1075/315/206 1059/314/206
f 1070/305/207 1067/296/207 1075/315/207
f 1067/296/208 1058/329/208 1075/315/208
f 1068/304/209 1074/312/209 1058/311/209
f 1068/304/210 1065/293/210 1074/312/210
f 1065/293/211 1057/308/211 1074/312/211
f 1066/303/212 1073/309/212 1057/308/212
f 1066/303/213 1063/290/213 1073/309/213
f 1063/290/214 1061/320/214 1073/309/214
f 1071/302/215 1072/306/215 1060/317/215
f 1069/299/218 1070/305/218 1059/314/218
f 1067/296/221 1068/334/221 1058/329/221
f 1065/293/224 1066/303/224 1057/308/224
f 1063/290/227 1064/307/227 1061/320/227
f 1083/275/165 1096/276/165 1095/277/165
f 1084/278/166 1096/279/166 1098/280/166
f 1083/281/167 1095/282/167 1100/283/167
f 1083/284/168 1100/285/168 1102/286/168
f 1083/287/169 1102/288/169 1099/289/169
f 1084/278/170 1098/280/170 1105/290/170
f 1085/291/171 1097/292/171 1107/293/171
f 1086/294/172 1101/295/172 1109/296/172
f 1087/297/173 1103/298/173 1111/299/173
f 1088/300/174 1104/301/174 1113/302/174
f 1084/278/175 1105/290/175 1108/303/175
f 1085/291/176 1107/293/176 1110/304/176
f 1086/294/177 1109/296/177 1112/305/177
f 1087/297/178 1111/299/178 1114/306/178
f 1088/300/179 1113/302/179 1106/307/179
f 1089/308/180 1115/309/180 1120/310/180
f 1090/311/181 1116/312/181 1122/313/181
f 1091/314/182 1117/315/182 1123/316/182
f 1092/317/183 1118/318/183 1124/319/183
f 1093/320/184 1119/321/184 1121/322/184
f 1121/322/185 1124/323/185 1094/324/185
f 1121/322/186 1119/321/186 1124/323/186
f 1119/321/187 1092/317/187 1124/323/187
f 1124/319/188 1123/325/188 1094/326/188
f 1124/319/189 1118/318/189 1123/325/189
f 1118/318/190 1091/314/190 1123/325/190
f 1123/316/191 1122/327/191 1094/328/191
f 1123/316/192 1117/315/192 1122/327/192
f 1117/315/193 1090/329/193 1122/327/193
f 1122/313/194 1120/330/194 1094/331/194
f 1122/313/195 1116/312/195 1120/330/195
f 1116/312/196 1089/308/196 1120/330/196
f 1120/310/197 1121/332/197 1094/333/197
f 1120/310/198 1115/309/198 1121/332/198
f 1115/309/199 1093/320/199 1121/332/199
f 1106/307/200 1119/321/200 1093/320/200
f 1106/307/201 1113/302/201 1119/321/201
f 1113/302/202 1092/317/202 1119/321/202
f 1114/306/203 1118/318/203 1092/317/203
f 1114/306/204 1111/299/204 1118/318/204
f 1111/299/205 1091/314/205 1118/318/205
f 1112/305/206 1117/315/206 1091/314/206
f 1112/305/207 1109/296/207 1117/315/207
f 1109/296/208 1090/329/208 1117/315/208
f 1110/304/209 1116/312/209 1090/311/209
f 1110/304/210 1107/293/210 1116/312/210
f 1107/293/211 1089/308/211 1116/312/211
f 1108/303/212 1115/309/212 1089/308/212
f 1108/303/213 1105/290/213 1115/309/213
f 1105/290/214 1093/320/214 1115/309/214
f 1113/302/215 1114/306/215 1092/317/215
f 1113/302/216 1104/301/216 1114/306/216
f 1104/301/217 1087/297/217 1114/306/217
f 1111/299/218 1112/305/218 1091/314/218
f 1111/299/219 1103/298/219 1112/305/219
f 1103/298/220 1086/294/220 1112/305/220
f 1109/296/221 1110/334/221 1090/329/221
f 1109/296/222 1101/295/222 1110/334/222
f 1101/295/223 1085/335/223 1110/334/223
f 1107/293/224 1108/303/224 1089/308/224
f 1107/293/225 1097/292/225 1108/303/225
f 1097/292/226 1084/278/226 1108/303/226
f 1105/290/227 1106/307/227 1093/320/227
f 1105/290/228 1098/280/228 1106/307/228
f 1098/280/229 1088/300/229 1106/307/229
f 1099/289/230 1104/301/230 1088/300/230
f 1099/289/231 1102/288/231 1104/301/231
f 1102/288/232 1087/297/232 1104/301/232
f 1102/286/233 1103/298/233 1087/297/233
f 1102/286/234 1100/285/234 1103/298/234
f 1100/285/235 1086/294/235 1103/298/235
f 1100/283/236 1101/295/236 1086/294/236
f 1100/283/237 1095/282/237 1101/295/237
f 1095/282/238 1085/335/238 1101/295/238
f 1098/280/239 1099/336/239 1088/300/239
f 1098/280/240 1096/279/240 1099/336/240
f 1096/279/241 1083/337/241 1099/336/241
f 1095/277/242 1097/292/242 1085/291/242
f 1095/277/243 1096/276/243 1097/292/243
f 1096/276/244 1084/278/244 1097/292/244
f 1125/308/180 1141/309/180 1146/310/180
f 1126/311/181 1142/312/181 1148/313/181
f 1127/314/182 1143/315/182 1149/316/182
f 1128/317/183 1144/318/183 1150/319/183
f 1129/320/184 1145/321/184 1147/322/184
f 1147/322/185 1150/323/185 1130/324/185
f 1147/322/186 1145/321/186 1150/323/186
f 1145/321/187 1128/317/187 1150/323/187
f 1150/319/188 1149/325/188 1130/326/188
f 1150/319/189 1144/318/189 1149/325/189
f 1144/318/190 1127/314/190 1149/325/190
f 1149/316/191 1148/327/191 1130/328/191
f 1149/316/192 1143/315/192 1148/327/192
f 1143/315/193 1126/329/193 1148/327/193
f 1148/313/194 1146/330/194 1130/331/194
f 1148/313/195 1142/312/195 1146/330/195
f 1142/312/196 1125/308/196 1146/330/196
f 1146/310/197 1147/332/197 1130/333/197
f 1146/310/198 1141/309/198 1147/332/198
f 1141/309/199 1129/320/199 1147/332/199
f 1132/307/200 1145/321/200 1129/320/200
f 1132/307/201 1139/302/201 1145/321/201
f 1139/302/202 1128/317/202 1145/321/202
f 1140/306/203 1144/318/203 1128/317/203
f 1140/306/204 1137/299/204 1144/318/204
f 1137/299/205 1127/314/205 1144/318/205
f 1138/305/206 1143/315/206 1127/314/206
f 1138/305/207 1135/296/207 1143/315/207
f 1135/296/208 1126/329/208 1143/315/208
f 1136/304/209 1142/312/209 1126/311/209
f 1136/304/210 1133/293/210 1142/312/210
f 1133/293/211 1125/308/211 1142/312/211
f 1134/303/212 1141/309/212 1125/308/212
f 1134/303/213 1131/290/213 1141/309/213
f 1131/290/214 1129/320/214 1141/309/214
f 1139/302/215 1140/306/215 1128/317/215
f 1137/299/218 1138/305/218 1127/314/218
f 1135/296/221 1136/334/221 1126/329/221
f 1133/293/224 1134/303/224 1125/308/224
f 1131/290/227 1132/307/227 1129/320/227
f 1151/308/180 1167/309/180 1172/310/180
f 1152/311/181 1168/312/181 1174/313/181
f 1153/314/182 1169/315/182 1175/316/182
f 1154/317/183 1170/318/183 1176/319/183
f 1155/320/184 1171/321/184 1173/322/184
f 1173/322/185 1176/323/185 1156/324/185
f 1173/322/186 1171/321/186 1176/323/186
f 1171/321/187 1154/317/187 1176/323/187
f 1176/319/188 1175/325/188 1156/326/188
f 1176/319/189 1170/318/189 1175/325/189
f 1170/318/190 1153/314/190 1175/325/190
f 1175/316/191 1174/327/191 1156/328/191
f 1175/316/192 1169/315/192 1174/327/192
f 1169/315/193 1152/329/193 1174/327/193
f 1174/313/194 1172/330/194 1156/331/194
f 1174/313/195 1168/312/195 1172/330/195
f 1168/312/196 1151/308/196 1172/330/196
f 1172/310/197 1173/332/197 1156/333/197
f 1172/310/198 1167/309/198 1173/332/198
f 1167/309/199 1155/320/199 1173/332/199
f 1158/307/200 1171/321/200 1155/320/200
f 1158/307/201 1165/302/201 1171/321/201
f 1165/302/202 1154/317/202 1171/321/202
f 1166/306/203 1170/318/203 1154/317/203
f 1166/306/204 1163/299/204 1170/318/204
f 1163/299/205 1153/314/205 1170/318/205
f 1164/305/206 1169/315/206 1153/314/206
f 1164/305/207 1161/296/207 1169/315/207
f 1161/296/208 1152/329/208 1169/315/208
f 1162/304/209 1168/312/209 1152/311/209
f 1162/304/210 1159/293/210 1168/312/210
f 1159/293/211 1151/308/211 1168/312/211
f 1160/303/212 1167/309/212 1151/308/212
f 1160/303/213 1157/290/213 1167/309/213
f 1157/290/214 1155/320/214 1167/309/214
f 1165/302/215 1166/306/215 1154/317/215
f 1163/299/218 1164/305/218 1153/314/218
f 1161/296/221 1162/334/221 1152/329/221
f 1159/293/224 1160/303/224 1151/308/224
f 1157/290/227 1158/307/227 1155/320/227
f 1177/308/180 1193/309/180 1198/310/180
f 1178/311/181 1194/312/181 1200/313/181
f 1179/314/182 1195/315/182 1201/316/182
f 1180/317/183 1196/318/183 1202/319/183
f 1181/320/184 1197/321/184 1199/322/184
f 1199/322/185 1202/323/185 1182/324/185
f 1199/322/186 1197/321/186 1202/323/186
f 1197/321/187 1180/317/187 1202/323/187
f 1202/319/188 1201/325/188 1182/326/188
f 1202/319/189 1196/318/189 1201/325/189
f 1196/318/190 1179/314/190 1201/325/190
f 1201/316/191 1200/327/191 1182/328/191
f 1201/316/192 1195/315/192 1200/327/192
f 1195/315/193 1178/329/193 1200/327/193
f 1200/313/194 1198/330/194 1182/331/194
f 1200/313/195 1194/312/195 1198/330/195
f 1194/312/196 1177/308/196 1198/330/196
f 1198/310/197 1199/332/197 1182/333/197
f 1198/310/198 1193/309/198 1199/332/198
f 1193/309/199 1181/320/199 1199/332/199
f 1184/307/200 1197/321/200 1181/320/200
f 1184/307/201 1191/302/201 1197/321/201
f 1191/302/202 1180/317/202 1197/321/202
f 1192/306/203 1196/318/203 1180/317/203
f 1192/306/204 1189/299/204 1196/318/204
f 1189/299/205 1179/314/205 1196/318/205
f 1190/305/206 1195/315/206 1179/314/206
f 1190/305/207 1187/296/207 1195/315/207
f 1187/296/208 1178/329/208 1195/315/208
f 1188/304/209 1194/312/209 1178/311/209
f 1188/304/210 1185/293/210 1194/312/210
f 1185/293/211 1177/308/211 1194/312/211
f 1186/303/212 1193/309/212 1177/308/212
f 1186/303/213 1183/290/213 1193/309/213
f 1183/290/214 1181/320/214 1193/309/214
f 1191/302/215 1192/306/215 1180/317/215
f 1189/299/218 1190/305/218 1179/314/218
f 1187/296/221 1188/334/221 1178/329/221
f 1185/293/224 1186/303/224 1177/308/224
f 1183/290/227 1184/307/227 1181/320/227
f 1203/308/180 1219/309/180 1224/310/180
f 1204/311/181 1220/312/181 1226/313/181
f 1205/314/182 1221/315/182 1227/316/182
f 1206/317/183 1222/318/183 1228/319/183
f 1207/320/184 1223/321/184 1225/322/184
f 1225/322/185 1228/323/185 1208/324/185
f 1225/322/186 1223/321/186 1228/323/186
f 1223/321/187 1206/317/187 1228/323/187
f 1228/319/188 1227/325/188 1208/326/188
f 1228/319/189 1222/318/189 1227/325/189
f 1222/318/190 1205/314/190 1227/325/190
f 1227/316/191 1226/327/191 1208/328/191
f 1227/316/192 1221/315/192 1226/327/192
f 1221/315/193 1204/329/193 1226/327/193
f 1226/313/194 1224/330/194 1208/331/194
f 1226/313/195 1220/312/195 1224/330/195
f 1220/312/196 1203/308/196 1224/330/196
f 1224/310/197 1225/332/197 1208/333/197
f 1224/310/198 1219/309/198 1225/332/198
f 1219/309/199 1207/320/199 1225/332/199
f 1210/307/200 1223/321/200 1207/320/200
f 1210/307/201 1217/302/201 1223/321/201
f 1217/302/202 1206/317/202 1223/321/202
f 1218/306/203 1222/318/203 1206/317/203
f 1218/306/204 1215/299/204 1222/318/204
f 1215/299/205 1205/314/205 1222/318/205
f 1216/305/206 1221/315/206 1205/314/206
f 1216/305/207 1213/296/207 1221/315/207
f 1213/296/208 1204/329/208 1221/315/208
f 1214/304/209 1220/312/209 1204/311/209
f 1214/304/210 1211/293/210 1220/312/210
f 1211/293/211 1203/308/211 1220/312/211
f 1212/303/212 1219/309/212 1203/308/212
f 1212/303/213 1209/290/213 1219/309/213
f 1209/290/214 1207/320/214 1219/309/214
f 1217/302/215 1218/306/215 1206/317/215
f 1215/299/218 1216/305/218 1205/314/218
f 1213/296/221 1214/334/221 1204/329/221
f 1211/293/224 1212/303/224 1203/308/224
f 1209/290/227 1210/307/227 1207/320/227
